".scenario.id",".at","prevpos.retest.start","second.genps.start","part.index.prob","part.ppindex.prob","scenarioid_1","scenarioid_2","scenarioid_3","scenarioid_4","part.ident.main.prob","part.ident.casl.prob","part.ident.ooff.prob","part.hiv.test.rate_1","part.hiv.test.rate_2","part.hiv.test.rate_3","part.prep.start.prob_1","part.prep.start.prob_2","part.prep.start.prob_3","part.tx.init.rate_1","part.tx.init.rate_2","part.tx.init.rate_3","part.tx.reinit.rate_1","part.tx.reinit.rate_2","part.tx.reinit.rate_3"
"a001_0_0_base",0,Inf,Inf,0,0,"001","0","0","base",0.157,0.08518719,0.04448852,0.394,0.394,0.394,0,0,0,0.387,0.387,0.387,0,0,0
"a002_0.05_0_base",0,Inf,Inf,0.05,0,"002","0.05","0","base",0.157,0.08518719,0.04448852,0.394,0.394,0.394,0,0,0,0.387,0.387,0.387,0,0,0
"a003_0.1_0_base",0,Inf,Inf,0.1,0,"003","0.1","0","base",0.157,0.08518719,0.04448852,0.394,0.394,0.394,0,0,0,0.387,0.387,0.387,0,0,0
"a004_0.15_0_base",0,Inf,Inf,0.15,0,"004","0.15","0","base",0.157,0.08518719,0.04448852,0.394,0.394,0.394,0,0,0,0.387,0.387,0.387,0,0,0
"a005_0.2_0_base",0,Inf,Inf,0.2,0,"005","0.2","0","base",0.157,0.08518719,0.04448852,0.394,0.394,0.394,0,0,0,0.387,0.387,0.387,0,0,0
"a006_0.25_0_base",0,Inf,Inf,0.25,0,"006","0.25","0","base",0.157,0.08518719,0.04448852,0.394,0.394,0.394,0,0,0,0.387,0.387,0.387,0,0,0
"a007_0.3_0_base",0,Inf,Inf,0.3,0,"007","0.3","0","base",0.157,0.08518719,0.04448852,0.394,0.394,0.394,0,0,0,0.387,0.387,0.387,0,0,0
"a008_0.35_0_base",0,Inf,Inf,0.35,0,"008","0.35","0","base",0.157,0.08518719,0.04448852,0.394,0.394,0.394,0,0,0,0.387,0.387,0.387,0,0,0
"a009_0.4_0_base",0,Inf,Inf,0.4,0,"009","0.4","0","base",0.157,0.08518719,0.04448852,0.394,0.394,0.394,0,0,0,0.387,0.387,0.387,0,0,0
"a010_0.45_0_base",0,Inf,Inf,0.45,0,"010","0.45","0","base",0.157,0.08518719,0.04448852,0.394,0.394,0.394,0,0,0,0.387,0.387,0.387,0,0,0
"a011_0.5_0_base",0,Inf,Inf,0.5,0,"011","0.5","0","base",0.157,0.08518719,0.04448852,0.394,0.394,0.394,0,0,0,0.387,0.387,0.387,0,0,0
"a012_0.55_0_base",0,Inf,Inf,0.55,0,"012","0.55","0","base",0.157,0.08518719,0.04448852,0.394,0.394,0.394,0,0,0,0.387,0.387,0.387,0,0,0
"a013_0.6_0_base",0,Inf,Inf,0.6,0,"013","0.6","0","base",0.157,0.08518719,0.04448852,0.394,0.394,0.394,0,0,0,0.387,0.387,0.387,0,0,0
"a014_0.65_0_base",0,Inf,Inf,0.65,0,"014","0.65","0","base",0.157,0.08518719,0.04448852,0.394,0.394,0.394,0,0,0,0.387,0.387,0.387,0,0,0
"a015_0.7_0_base",0,Inf,Inf,0.7,0,"015","0.7","0","base",0.157,0.08518719,0.04448852,0.394,0.394,0.394,0,0,0,0.387,0.387,0.387,0,0,0
"a016_0.75_0_base",0,Inf,Inf,0.75,0,"016","0.75","0","base",0.157,0.08518719,0.04448852,0.394,0.394,0.394,0,0,0,0.387,0.387,0.387,0,0,0
"a017_0.8_0_base",0,Inf,Inf,0.8,0,"017","0.8","0","base",0.157,0.08518719,0.04448852,0.394,0.394,0.394,0,0,0,0.387,0.387,0.387,0,0,0
"a018_0.85_0_base",0,Inf,Inf,0.85,0,"018","0.85","0","base",0.157,0.08518719,0.04448852,0.394,0.394,0.394,0,0,0,0.387,0.387,0.387,0,0,0
"a019_0.9_0_base",0,Inf,Inf,0.9,0,"019","0.9","0","base",0.157,0.08518719,0.04448852,0.394,0.394,0.394,0,0,0,0.387,0.387,0.387,0,0,0
"a020_0.95_0_base",0,Inf,Inf,0.95,0,"020","0.95","0","base",0.157,0.08518719,0.04448852,0.394,0.394,0.394,0,0,0,0.387,0.387,0.387,0,0,0
"a021_1_0_base",0,Inf,Inf,1,0,"021","1","0","base",0.157,0.08518719,0.04448852,0.394,0.394,0.394,0,0,0,0.387,0.387,0.387,0,0,0
"a022_0_0.05_base",0,Inf,Inf,0,0.05,"022","0","0.05","base",0.157,0.08518719,0.04448852,0.394,0.394,0.394,0,0,0,0.387,0.387,0.387,0,0,0
"a023_0.05_0.05_base",0,Inf,Inf,0.05,0.05,"023","0.05","0.05","base",0.157,0.08518719,0.04448852,0.394,0.394,0.394,0,0,0,0.387,0.387,0.387,0,0,0
"a024_0.1_0.05_base",0,Inf,Inf,0.1,0.05,"024","0.1","0.05","base",0.157,0.08518719,0.04448852,0.394,0.394,0.394,0,0,0,0.387,0.387,0.387,0,0,0
"a025_0.15_0.05_base",0,Inf,Inf,0.15,0.05,"025","0.15","0.05","base",0.157,0.08518719,0.04448852,0.394,0.394,0.394,0,0,0,0.387,0.387,0.387,0,0,0
"a026_0.2_0.05_base",0,Inf,Inf,0.2,0.05,"026","0.2","0.05","base",0.157,0.08518719,0.04448852,0.394,0.394,0.394,0,0,0,0.387,0.387,0.387,0,0,0
"a027_0.25_0.05_base",0,Inf,Inf,0.25,0.05,"027","0.25","0.05","base",0.157,0.08518719,0.04448852,0.394,0.394,0.394,0,0,0,0.387,0.387,0.387,0,0,0
"a028_0.3_0.05_base",0,Inf,Inf,0.3,0.05,"028","0.3","0.05","base",0.157,0.08518719,0.04448852,0.394,0.394,0.394,0,0,0,0.387,0.387,0.387,0,0,0
"a029_0.35_0.05_base",0,Inf,Inf,0.35,0.05,"029","0.35","0.05","base",0.157,0.08518719,0.04448852,0.394,0.394,0.394,0,0,0,0.387,0.387,0.387,0,0,0
"a030_0.4_0.05_base",0,Inf,Inf,0.4,0.05,"030","0.4","0.05","base",0.157,0.08518719,0.04448852,0.394,0.394,0.394,0,0,0,0.387,0.387,0.387,0,0,0
"a031_0.45_0.05_base",0,Inf,Inf,0.45,0.05,"031","0.45","0.05","base",0.157,0.08518719,0.04448852,0.394,0.394,0.394,0,0,0,0.387,0.387,0.387,0,0,0
"a032_0.5_0.05_base",0,Inf,Inf,0.5,0.05,"032","0.5","0.05","base",0.157,0.08518719,0.04448852,0.394,0.394,0.394,0,0,0,0.387,0.387,0.387,0,0,0
"a033_0.55_0.05_base",0,Inf,Inf,0.55,0.05,"033","0.55","0.05","base",0.157,0.08518719,0.04448852,0.394,0.394,0.394,0,0,0,0.387,0.387,0.387,0,0,0
"a034_0.6_0.05_base",0,Inf,Inf,0.6,0.05,"034","0.6","0.05","base",0.157,0.08518719,0.04448852,0.394,0.394,0.394,0,0,0,0.387,0.387,0.387,0,0,0
"a035_0.65_0.05_base",0,Inf,Inf,0.65,0.05,"035","0.65","0.05","base",0.157,0.08518719,0.04448852,0.394,0.394,0.394,0,0,0,0.387,0.387,0.387,0,0,0
"a036_0.7_0.05_base",0,Inf,Inf,0.7,0.05,"036","0.7","0.05","base",0.157,0.08518719,0.04448852,0.394,0.394,0.394,0,0,0,0.387,0.387,0.387,0,0,0
"a037_0.75_0.05_base",0,Inf,Inf,0.75,0.05,"037","0.75","0.05","base",0.157,0.08518719,0.04448852,0.394,0.394,0.394,0,0,0,0.387,0.387,0.387,0,0,0
"a038_0.8_0.05_base",0,Inf,Inf,0.8,0.05,"038","0.8","0.05","base",0.157,0.08518719,0.04448852,0.394,0.394,0.394,0,0,0,0.387,0.387,0.387,0,0,0
"a039_0.85_0.05_base",0,Inf,Inf,0.85,0.05,"039","0.85","0.05","base",0.157,0.08518719,0.04448852,0.394,0.394,0.394,0,0,0,0.387,0.387,0.387,0,0,0
"a040_0.9_0.05_base",0,Inf,Inf,0.9,0.05,"040","0.9","0.05","base",0.157,0.08518719,0.04448852,0.394,0.394,0.394,0,0,0,0.387,0.387,0.387,0,0,0
"a041_0.95_0.05_base",0,Inf,Inf,0.95,0.05,"041","0.95","0.05","base",0.157,0.08518719,0.04448852,0.394,0.394,0.394,0,0,0,0.387,0.387,0.387,0,0,0
"a042_1_0.05_base",0,Inf,Inf,1,0.05,"042","1","0.05","base",0.157,0.08518719,0.04448852,0.394,0.394,0.394,0,0,0,0.387,0.387,0.387,0,0,0
"a043_0_0.1_base",0,Inf,Inf,0,0.1,"043","0","0.1","base",0.157,0.08518719,0.04448852,0.394,0.394,0.394,0,0,0,0.387,0.387,0.387,0,0,0
"a044_0.05_0.1_base",0,Inf,Inf,0.05,0.1,"044","0.05","0.1","base",0.157,0.08518719,0.04448852,0.394,0.394,0.394,0,0,0,0.387,0.387,0.387,0,0,0
"a045_0.1_0.1_base",0,Inf,Inf,0.1,0.1,"045","0.1","0.1","base",0.157,0.08518719,0.04448852,0.394,0.394,0.394,0,0,0,0.387,0.387,0.387,0,0,0
"a046_0.15_0.1_base",0,Inf,Inf,0.15,0.1,"046","0.15","0.1","base",0.157,0.08518719,0.04448852,0.394,0.394,0.394,0,0,0,0.387,0.387,0.387,0,0,0
"a047_0.2_0.1_base",0,Inf,Inf,0.2,0.1,"047","0.2","0.1","base",0.157,0.08518719,0.04448852,0.394,0.394,0.394,0,0,0,0.387,0.387,0.387,0,0,0
"a048_0.25_0.1_base",0,Inf,Inf,0.25,0.1,"048","0.25","0.1","base",0.157,0.08518719,0.04448852,0.394,0.394,0.394,0,0,0,0.387,0.387,0.387,0,0,0
"a049_0.3_0.1_base",0,Inf,Inf,0.3,0.1,"049","0.3","0.1","base",0.157,0.08518719,0.04448852,0.394,0.394,0.394,0,0,0,0.387,0.387,0.387,0,0,0
"a050_0.35_0.1_base",0,Inf,Inf,0.35,0.1,"050","0.35","0.1","base",0.157,0.08518719,0.04448852,0.394,0.394,0.394,0,0,0,0.387,0.387,0.387,0,0,0
"a051_0.4_0.1_base",0,Inf,Inf,0.4,0.1,"051","0.4","0.1","base",0.157,0.08518719,0.04448852,0.394,0.394,0.394,0,0,0,0.387,0.387,0.387,0,0,0
"a052_0.45_0.1_base",0,Inf,Inf,0.45,0.1,"052","0.45","0.1","base",0.157,0.08518719,0.04448852,0.394,0.394,0.394,0,0,0,0.387,0.387,0.387,0,0,0
"a053_0.5_0.1_base",0,Inf,Inf,0.5,0.1,"053","0.5","0.1","base",0.157,0.08518719,0.04448852,0.394,0.394,0.394,0,0,0,0.387,0.387,0.387,0,0,0
"a054_0.55_0.1_base",0,Inf,Inf,0.55,0.1,"054","0.55","0.1","base",0.157,0.08518719,0.04448852,0.394,0.394,0.394,0,0,0,0.387,0.387,0.387,0,0,0
"a055_0.6_0.1_base",0,Inf,Inf,0.6,0.1,"055","0.6","0.1","base",0.157,0.08518719,0.04448852,0.394,0.394,0.394,0,0,0,0.387,0.387,0.387,0,0,0
"a056_0.65_0.1_base",0,Inf,Inf,0.65,0.1,"056","0.65","0.1","base",0.157,0.08518719,0.04448852,0.394,0.394,0.394,0,0,0,0.387,0.387,0.387,0,0,0
"a057_0.7_0.1_base",0,Inf,Inf,0.7,0.1,"057","0.7","0.1","base",0.157,0.08518719,0.04448852,0.394,0.394,0.394,0,0,0,0.387,0.387,0.387,0,0,0
"a058_0.75_0.1_base",0,Inf,Inf,0.75,0.1,"058","0.75","0.1","base",0.157,0.08518719,0.04448852,0.394,0.394,0.394,0,0,0,0.387,0.387,0.387,0,0,0
"a059_0.8_0.1_base",0,Inf,Inf,0.8,0.1,"059","0.8","0.1","base",0.157,0.08518719,0.04448852,0.394,0.394,0.394,0,0,0,0.387,0.387,0.387,0,0,0
"a060_0.85_0.1_base",0,Inf,Inf,0.85,0.1,"060","0.85","0.1","base",0.157,0.08518719,0.04448852,0.394,0.394,0.394,0,0,0,0.387,0.387,0.387,0,0,0
"a061_0.9_0.1_base",0,Inf,Inf,0.9,0.1,"061","0.9","0.1","base",0.157,0.08518719,0.04448852,0.394,0.394,0.394,0,0,0,0.387,0.387,0.387,0,0,0
"a062_0.95_0.1_base",0,Inf,Inf,0.95,0.1,"062","0.95","0.1","base",0.157,0.08518719,0.04448852,0.394,0.394,0.394,0,0,0,0.387,0.387,0.387,0,0,0
"a063_1_0.1_base",0,Inf,Inf,1,0.1,"063","1","0.1","base",0.157,0.08518719,0.04448852,0.394,0.394,0.394,0,0,0,0.387,0.387,0.387,0,0,0
"a064_0_0.15_base",0,Inf,Inf,0,0.15,"064","0","0.15","base",0.157,0.08518719,0.04448852,0.394,0.394,0.394,0,0,0,0.387,0.387,0.387,0,0,0
"a065_0.05_0.15_base",0,Inf,Inf,0.05,0.15,"065","0.05","0.15","base",0.157,0.08518719,0.04448852,0.394,0.394,0.394,0,0,0,0.387,0.387,0.387,0,0,0
"a066_0.1_0.15_base",0,Inf,Inf,0.1,0.15,"066","0.1","0.15","base",0.157,0.08518719,0.04448852,0.394,0.394,0.394,0,0,0,0.387,0.387,0.387,0,0,0
"a067_0.15_0.15_base",0,Inf,Inf,0.15,0.15,"067","0.15","0.15","base",0.157,0.08518719,0.04448852,0.394,0.394,0.394,0,0,0,0.387,0.387,0.387,0,0,0
"a068_0.2_0.15_base",0,Inf,Inf,0.2,0.15,"068","0.2","0.15","base",0.157,0.08518719,0.04448852,0.394,0.394,0.394,0,0,0,0.387,0.387,0.387,0,0,0
"a069_0.25_0.15_base",0,Inf,Inf,0.25,0.15,"069","0.25","0.15","base",0.157,0.08518719,0.04448852,0.394,0.394,0.394,0,0,0,0.387,0.387,0.387,0,0,0
"a070_0.3_0.15_base",0,Inf,Inf,0.3,0.15,"070","0.3","0.15","base",0.157,0.08518719,0.04448852,0.394,0.394,0.394,0,0,0,0.387,0.387,0.387,0,0,0
"a071_0.35_0.15_base",0,Inf,Inf,0.35,0.15,"071","0.35","0.15","base",0.157,0.08518719,0.04448852,0.394,0.394,0.394,0,0,0,0.387,0.387,0.387,0,0,0
"a072_0.4_0.15_base",0,Inf,Inf,0.4,0.15,"072","0.4","0.15","base",0.157,0.08518719,0.04448852,0.394,0.394,0.394,0,0,0,0.387,0.387,0.387,0,0,0
"a073_0.45_0.15_base",0,Inf,Inf,0.45,0.15,"073","0.45","0.15","base",0.157,0.08518719,0.04448852,0.394,0.394,0.394,0,0,0,0.387,0.387,0.387,0,0,0
"a074_0.5_0.15_base",0,Inf,Inf,0.5,0.15,"074","0.5","0.15","base",0.157,0.08518719,0.04448852,0.394,0.394,0.394,0,0,0,0.387,0.387,0.387,0,0,0
"a075_0.55_0.15_base",0,Inf,Inf,0.55,0.15,"075","0.55","0.15","base",0.157,0.08518719,0.04448852,0.394,0.394,0.394,0,0,0,0.387,0.387,0.387,0,0,0
"a076_0.6_0.15_base",0,Inf,Inf,0.6,0.15,"076","0.6","0.15","base",0.157,0.08518719,0.04448852,0.394,0.394,0.394,0,0,0,0.387,0.387,0.387,0,0,0
"a077_0.65_0.15_base",0,Inf,Inf,0.65,0.15,"077","0.65","0.15","base",0.157,0.08518719,0.04448852,0.394,0.394,0.394,0,0,0,0.387,0.387,0.387,0,0,0
"a078_0.7_0.15_base",0,Inf,Inf,0.7,0.15,"078","0.7","0.15","base",0.157,0.08518719,0.04448852,0.394,0.394,0.394,0,0,0,0.387,0.387,0.387,0,0,0
"a079_0.75_0.15_base",0,Inf,Inf,0.75,0.15,"079","0.75","0.15","base",0.157,0.08518719,0.04448852,0.394,0.394,0.394,0,0,0,0.387,0.387,0.387,0,0,0
"a080_0.8_0.15_base",0,Inf,Inf,0.8,0.15,"080","0.8","0.15","base",0.157,0.08518719,0.04448852,0.394,0.394,0.394,0,0,0,0.387,0.387,0.387,0,0,0
"a081_0.85_0.15_base",0,Inf,Inf,0.85,0.15,"081","0.85","0.15","base",0.157,0.08518719,0.04448852,0.394,0.394,0.394,0,0,0,0.387,0.387,0.387,0,0,0
"a082_0.9_0.15_base",0,Inf,Inf,0.9,0.15,"082","0.9","0.15","base",0.157,0.08518719,0.04448852,0.394,0.394,0.394,0,0,0,0.387,0.387,0.387,0,0,0
"a083_0.95_0.15_base",0,Inf,Inf,0.95,0.15,"083","0.95","0.15","base",0.157,0.08518719,0.04448852,0.394,0.394,0.394,0,0,0,0.387,0.387,0.387,0,0,0
"a084_1_0.15_base",0,Inf,Inf,1,0.15,"084","1","0.15","base",0.157,0.08518719,0.04448852,0.394,0.394,0.394,0,0,0,0.387,0.387,0.387,0,0,0
"a085_0_0.2_base",0,Inf,Inf,0,0.2,"085","0","0.2","base",0.157,0.08518719,0.04448852,0.394,0.394,0.394,0,0,0,0.387,0.387,0.387,0,0,0
"a086_0.05_0.2_base",0,Inf,Inf,0.05,0.2,"086","0.05","0.2","base",0.157,0.08518719,0.04448852,0.394,0.394,0.394,0,0,0,0.387,0.387,0.387,0,0,0
"a087_0.1_0.2_base",0,Inf,Inf,0.1,0.2,"087","0.1","0.2","base",0.157,0.08518719,0.04448852,0.394,0.394,0.394,0,0,0,0.387,0.387,0.387,0,0,0
"a088_0.15_0.2_base",0,Inf,Inf,0.15,0.2,"088","0.15","0.2","base",0.157,0.08518719,0.04448852,0.394,0.394,0.394,0,0,0,0.387,0.387,0.387,0,0,0
"a089_0.2_0.2_base",0,Inf,Inf,0.2,0.2,"089","0.2","0.2","base",0.157,0.08518719,0.04448852,0.394,0.394,0.394,0,0,0,0.387,0.387,0.387,0,0,0
"a090_0.25_0.2_base",0,Inf,Inf,0.25,0.2,"090","0.25","0.2","base",0.157,0.08518719,0.04448852,0.394,0.394,0.394,0,0,0,0.387,0.387,0.387,0,0,0
"a091_0.3_0.2_base",0,Inf,Inf,0.3,0.2,"091","0.3","0.2","base",0.157,0.08518719,0.04448852,0.394,0.394,0.394,0,0,0,0.387,0.387,0.387,0,0,0
"a092_0.35_0.2_base",0,Inf,Inf,0.35,0.2,"092","0.35","0.2","base",0.157,0.08518719,0.04448852,0.394,0.394,0.394,0,0,0,0.387,0.387,0.387,0,0,0
"a093_0.4_0.2_base",0,Inf,Inf,0.4,0.2,"093","0.4","0.2","base",0.157,0.08518719,0.04448852,0.394,0.394,0.394,0,0,0,0.387,0.387,0.387,0,0,0
"a094_0.45_0.2_base",0,Inf,Inf,0.45,0.2,"094","0.45","0.2","base",0.157,0.08518719,0.04448852,0.394,0.394,0.394,0,0,0,0.387,0.387,0.387,0,0,0
"a095_0.5_0.2_base",0,Inf,Inf,0.5,0.2,"095","0.5","0.2","base",0.157,0.08518719,0.04448852,0.394,0.394,0.394,0,0,0,0.387,0.387,0.387,0,0,0
"a096_0.55_0.2_base",0,Inf,Inf,0.55,0.2,"096","0.55","0.2","base",0.157,0.08518719,0.04448852,0.394,0.394,0.394,0,0,0,0.387,0.387,0.387,0,0,0
"a097_0.6_0.2_base",0,Inf,Inf,0.6,0.2,"097","0.6","0.2","base",0.157,0.08518719,0.04448852,0.394,0.394,0.394,0,0,0,0.387,0.387,0.387,0,0,0
"a098_0.65_0.2_base",0,Inf,Inf,0.65,0.2,"098","0.65","0.2","base",0.157,0.08518719,0.04448852,0.394,0.394,0.394,0,0,0,0.387,0.387,0.387,0,0,0
"a099_0.7_0.2_base",0,Inf,Inf,0.7,0.2,"099","0.7","0.2","base",0.157,0.08518719,0.04448852,0.394,0.394,0.394,0,0,0,0.387,0.387,0.387,0,0,0
"a100_0.75_0.2_base",0,Inf,Inf,0.75,0.2,"100","0.75","0.2","base",0.157,0.08518719,0.04448852,0.394,0.394,0.394,0,0,0,0.387,0.387,0.387,0,0,0
"a101_0.8_0.2_base",0,Inf,Inf,0.8,0.2,"101","0.8","0.2","base",0.157,0.08518719,0.04448852,0.394,0.394,0.394,0,0,0,0.387,0.387,0.387,0,0,0
"a102_0.85_0.2_base",0,Inf,Inf,0.85,0.2,"102","0.85","0.2","base",0.157,0.08518719,0.04448852,0.394,0.394,0.394,0,0,0,0.387,0.387,0.387,0,0,0
"a103_0.9_0.2_base",0,Inf,Inf,0.9,0.2,"103","0.9","0.2","base",0.157,0.08518719,0.04448852,0.394,0.394,0.394,0,0,0,0.387,0.387,0.387,0,0,0
"a104_0.95_0.2_base",0,Inf,Inf,0.95,0.2,"104","0.95","0.2","base",0.157,0.08518719,0.04448852,0.394,0.394,0.394,0,0,0,0.387,0.387,0.387,0,0,0
"a105_1_0.2_base",0,Inf,Inf,1,0.2,"105","1","0.2","base",0.157,0.08518719,0.04448852,0.394,0.394,0.394,0,0,0,0.387,0.387,0.387,0,0,0
"a106_0_0.25_base",0,Inf,Inf,0,0.25,"106","0","0.25","base",0.157,0.08518719,0.04448852,0.394,0.394,0.394,0,0,0,0.387,0.387,0.387,0,0,0
"a107_0.05_0.25_base",0,Inf,Inf,0.05,0.25,"107","0.05","0.25","base",0.157,0.08518719,0.04448852,0.394,0.394,0.394,0,0,0,0.387,0.387,0.387,0,0,0
"a108_0.1_0.25_base",0,Inf,Inf,0.1,0.25,"108","0.1","0.25","base",0.157,0.08518719,0.04448852,0.394,0.394,0.394,0,0,0,0.387,0.387,0.387,0,0,0
"a109_0.15_0.25_base",0,Inf,Inf,0.15,0.25,"109","0.15","0.25","base",0.157,0.08518719,0.04448852,0.394,0.394,0.394,0,0,0,0.387,0.387,0.387,0,0,0
"a110_0.2_0.25_base",0,Inf,Inf,0.2,0.25,"110","0.2","0.25","base",0.157,0.08518719,0.04448852,0.394,0.394,0.394,0,0,0,0.387,0.387,0.387,0,0,0
"a111_0.25_0.25_base",0,Inf,Inf,0.25,0.25,"111","0.25","0.25","base",0.157,0.08518719,0.04448852,0.394,0.394,0.394,0,0,0,0.387,0.387,0.387,0,0,0
"a112_0.3_0.25_base",0,Inf,Inf,0.3,0.25,"112","0.3","0.25","base",0.157,0.08518719,0.04448852,0.394,0.394,0.394,0,0,0,0.387,0.387,0.387,0,0,0
"a113_0.35_0.25_base",0,Inf,Inf,0.35,0.25,"113","0.35","0.25","base",0.157,0.08518719,0.04448852,0.394,0.394,0.394,0,0,0,0.387,0.387,0.387,0,0,0
"a114_0.4_0.25_base",0,Inf,Inf,0.4,0.25,"114","0.4","0.25","base",0.157,0.08518719,0.04448852,0.394,0.394,0.394,0,0,0,0.387,0.387,0.387,0,0,0
"a115_0.45_0.25_base",0,Inf,Inf,0.45,0.25,"115","0.45","0.25","base",0.157,0.08518719,0.04448852,0.394,0.394,0.394,0,0,0,0.387,0.387,0.387,0,0,0
"a116_0.5_0.25_base",0,Inf,Inf,0.5,0.25,"116","0.5","0.25","base",0.157,0.08518719,0.04448852,0.394,0.394,0.394,0,0,0,0.387,0.387,0.387,0,0,0
"a117_0.55_0.25_base",0,Inf,Inf,0.55,0.25,"117","0.55","0.25","base",0.157,0.08518719,0.04448852,0.394,0.394,0.394,0,0,0,0.387,0.387,0.387,0,0,0
"a118_0.6_0.25_base",0,Inf,Inf,0.6,0.25,"118","0.6","0.25","base",0.157,0.08518719,0.04448852,0.394,0.394,0.394,0,0,0,0.387,0.387,0.387,0,0,0
"a119_0.65_0.25_base",0,Inf,Inf,0.65,0.25,"119","0.65","0.25","base",0.157,0.08518719,0.04448852,0.394,0.394,0.394,0,0,0,0.387,0.387,0.387,0,0,0
"a120_0.7_0.25_base",0,Inf,Inf,0.7,0.25,"120","0.7","0.25","base",0.157,0.08518719,0.04448852,0.394,0.394,0.394,0,0,0,0.387,0.387,0.387,0,0,0
"a121_0.75_0.25_base",0,Inf,Inf,0.75,0.25,"121","0.75","0.25","base",0.157,0.08518719,0.04448852,0.394,0.394,0.394,0,0,0,0.387,0.387,0.387,0,0,0
"a122_0.8_0.25_base",0,Inf,Inf,0.8,0.25,"122","0.8","0.25","base",0.157,0.08518719,0.04448852,0.394,0.394,0.394,0,0,0,0.387,0.387,0.387,0,0,0
"a123_0.85_0.25_base",0,Inf,Inf,0.85,0.25,"123","0.85","0.25","base",0.157,0.08518719,0.04448852,0.394,0.394,0.394,0,0,0,0.387,0.387,0.387,0,0,0
"a124_0.9_0.25_base",0,Inf,Inf,0.9,0.25,"124","0.9","0.25","base",0.157,0.08518719,0.04448852,0.394,0.394,0.394,0,0,0,0.387,0.387,0.387,0,0,0
"a125_0.95_0.25_base",0,Inf,Inf,0.95,0.25,"125","0.95","0.25","base",0.157,0.08518719,0.04448852,0.394,0.394,0.394,0,0,0,0.387,0.387,0.387,0,0,0
"a126_1_0.25_base",0,Inf,Inf,1,0.25,"126","1","0.25","base",0.157,0.08518719,0.04448852,0.394,0.394,0.394,0,0,0,0.387,0.387,0.387,0,0,0
"a127_0_0.3_base",0,Inf,Inf,0,0.3,"127","0","0.3","base",0.157,0.08518719,0.04448852,0.394,0.394,0.394,0,0,0,0.387,0.387,0.387,0,0,0
"a128_0.05_0.3_base",0,Inf,Inf,0.05,0.3,"128","0.05","0.3","base",0.157,0.08518719,0.04448852,0.394,0.394,0.394,0,0,0,0.387,0.387,0.387,0,0,0
"a129_0.1_0.3_base",0,Inf,Inf,0.1,0.3,"129","0.1","0.3","base",0.157,0.08518719,0.04448852,0.394,0.394,0.394,0,0,0,0.387,0.387,0.387,0,0,0
"a130_0.15_0.3_base",0,Inf,Inf,0.15,0.3,"130","0.15","0.3","base",0.157,0.08518719,0.04448852,0.394,0.394,0.394,0,0,0,0.387,0.387,0.387,0,0,0
"a131_0.2_0.3_base",0,Inf,Inf,0.2,0.3,"131","0.2","0.3","base",0.157,0.08518719,0.04448852,0.394,0.394,0.394,0,0,0,0.387,0.387,0.387,0,0,0
"a132_0.25_0.3_base",0,Inf,Inf,0.25,0.3,"132","0.25","0.3","base",0.157,0.08518719,0.04448852,0.394,0.394,0.394,0,0,0,0.387,0.387,0.387,0,0,0
"a133_0.3_0.3_base",0,Inf,Inf,0.3,0.3,"133","0.3","0.3","base",0.157,0.08518719,0.04448852,0.394,0.394,0.394,0,0,0,0.387,0.387,0.387,0,0,0
"a134_0.35_0.3_base",0,Inf,Inf,0.35,0.3,"134","0.35","0.3","base",0.157,0.08518719,0.04448852,0.394,0.394,0.394,0,0,0,0.387,0.387,0.387,0,0,0
"a135_0.4_0.3_base",0,Inf,Inf,0.4,0.3,"135","0.4","0.3","base",0.157,0.08518719,0.04448852,0.394,0.394,0.394,0,0,0,0.387,0.387,0.387,0,0,0
"a136_0.45_0.3_base",0,Inf,Inf,0.45,0.3,"136","0.45","0.3","base",0.157,0.08518719,0.04448852,0.394,0.394,0.394,0,0,0,0.387,0.387,0.387,0,0,0
"a137_0.5_0.3_base",0,Inf,Inf,0.5,0.3,"137","0.5","0.3","base",0.157,0.08518719,0.04448852,0.394,0.394,0.394,0,0,0,0.387,0.387,0.387,0,0,0
"a138_0.55_0.3_base",0,Inf,Inf,0.55,0.3,"138","0.55","0.3","base",0.157,0.08518719,0.04448852,0.394,0.394,0.394,0,0,0,0.387,0.387,0.387,0,0,0
"a139_0.6_0.3_base",0,Inf,Inf,0.6,0.3,"139","0.6","0.3","base",0.157,0.08518719,0.04448852,0.394,0.394,0.394,0,0,0,0.387,0.387,0.387,0,0,0
"a140_0.65_0.3_base",0,Inf,Inf,0.65,0.3,"140","0.65","0.3","base",0.157,0.08518719,0.04448852,0.394,0.394,0.394,0,0,0,0.387,0.387,0.387,0,0,0
"a141_0.7_0.3_base",0,Inf,Inf,0.7,0.3,"141","0.7","0.3","base",0.157,0.08518719,0.04448852,0.394,0.394,0.394,0,0,0,0.387,0.387,0.387,0,0,0
"a142_0.75_0.3_base",0,Inf,Inf,0.75,0.3,"142","0.75","0.3","base",0.157,0.08518719,0.04448852,0.394,0.394,0.394,0,0,0,0.387,0.387,0.387,0,0,0
"a143_0.8_0.3_base",0,Inf,Inf,0.8,0.3,"143","0.8","0.3","base",0.157,0.08518719,0.04448852,0.394,0.394,0.394,0,0,0,0.387,0.387,0.387,0,0,0
"a144_0.85_0.3_base",0,Inf,Inf,0.85,0.3,"144","0.85","0.3","base",0.157,0.08518719,0.04448852,0.394,0.394,0.394,0,0,0,0.387,0.387,0.387,0,0,0
"a145_0.9_0.3_base",0,Inf,Inf,0.9,0.3,"145","0.9","0.3","base",0.157,0.08518719,0.04448852,0.394,0.394,0.394,0,0,0,0.387,0.387,0.387,0,0,0
"a146_0.95_0.3_base",0,Inf,Inf,0.95,0.3,"146","0.95","0.3","base",0.157,0.08518719,0.04448852,0.394,0.394,0.394,0,0,0,0.387,0.387,0.387,0,0,0
"a147_1_0.3_base",0,Inf,Inf,1,0.3,"147","1","0.3","base",0.157,0.08518719,0.04448852,0.394,0.394,0.394,0,0,0,0.387,0.387,0.387,0,0,0
"a148_0_0.35_base",0,Inf,Inf,0,0.35,"148","0","0.35","base",0.157,0.08518719,0.04448852,0.394,0.394,0.394,0,0,0,0.387,0.387,0.387,0,0,0
"a149_0.05_0.35_base",0,Inf,Inf,0.05,0.35,"149","0.05","0.35","base",0.157,0.08518719,0.04448852,0.394,0.394,0.394,0,0,0,0.387,0.387,0.387,0,0,0
"a150_0.1_0.35_base",0,Inf,Inf,0.1,0.35,"150","0.1","0.35","base",0.157,0.08518719,0.04448852,0.394,0.394,0.394,0,0,0,0.387,0.387,0.387,0,0,0
"a151_0.15_0.35_base",0,Inf,Inf,0.15,0.35,"151","0.15","0.35","base",0.157,0.08518719,0.04448852,0.394,0.394,0.394,0,0,0,0.387,0.387,0.387,0,0,0
"a152_0.2_0.35_base",0,Inf,Inf,0.2,0.35,"152","0.2","0.35","base",0.157,0.08518719,0.04448852,0.394,0.394,0.394,0,0,0,0.387,0.387,0.387,0,0,0
"a153_0.25_0.35_base",0,Inf,Inf,0.25,0.35,"153","0.25","0.35","base",0.157,0.08518719,0.04448852,0.394,0.394,0.394,0,0,0,0.387,0.387,0.387,0,0,0
"a154_0.3_0.35_base",0,Inf,Inf,0.3,0.35,"154","0.3","0.35","base",0.157,0.08518719,0.04448852,0.394,0.394,0.394,0,0,0,0.387,0.387,0.387,0,0,0
"a155_0.35_0.35_base",0,Inf,Inf,0.35,0.35,"155","0.35","0.35","base",0.157,0.08518719,0.04448852,0.394,0.394,0.394,0,0,0,0.387,0.387,0.387,0,0,0
"a156_0.4_0.35_base",0,Inf,Inf,0.4,0.35,"156","0.4","0.35","base",0.157,0.08518719,0.04448852,0.394,0.394,0.394,0,0,0,0.387,0.387,0.387,0,0,0
"a157_0.45_0.35_base",0,Inf,Inf,0.45,0.35,"157","0.45","0.35","base",0.157,0.08518719,0.04448852,0.394,0.394,0.394,0,0,0,0.387,0.387,0.387,0,0,0
"a158_0.5_0.35_base",0,Inf,Inf,0.5,0.35,"158","0.5","0.35","base",0.157,0.08518719,0.04448852,0.394,0.394,0.394,0,0,0,0.387,0.387,0.387,0,0,0
"a159_0.55_0.35_base",0,Inf,Inf,0.55,0.35,"159","0.55","0.35","base",0.157,0.08518719,0.04448852,0.394,0.394,0.394,0,0,0,0.387,0.387,0.387,0,0,0
"a160_0.6_0.35_base",0,Inf,Inf,0.6,0.35,"160","0.6","0.35","base",0.157,0.08518719,0.04448852,0.394,0.394,0.394,0,0,0,0.387,0.387,0.387,0,0,0
"a161_0.65_0.35_base",0,Inf,Inf,0.65,0.35,"161","0.65","0.35","base",0.157,0.08518719,0.04448852,0.394,0.394,0.394,0,0,0,0.387,0.387,0.387,0,0,0
"a162_0.7_0.35_base",0,Inf,Inf,0.7,0.35,"162","0.7","0.35","base",0.157,0.08518719,0.04448852,0.394,0.394,0.394,0,0,0,0.387,0.387,0.387,0,0,0
"a163_0.75_0.35_base",0,Inf,Inf,0.75,0.35,"163","0.75","0.35","base",0.157,0.08518719,0.04448852,0.394,0.394,0.394,0,0,0,0.387,0.387,0.387,0,0,0
"a164_0.8_0.35_base",0,Inf,Inf,0.8,0.35,"164","0.8","0.35","base",0.157,0.08518719,0.04448852,0.394,0.394,0.394,0,0,0,0.387,0.387,0.387,0,0,0
"a165_0.85_0.35_base",0,Inf,Inf,0.85,0.35,"165","0.85","0.35","base",0.157,0.08518719,0.04448852,0.394,0.394,0.394,0,0,0,0.387,0.387,0.387,0,0,0
"a166_0.9_0.35_base",0,Inf,Inf,0.9,0.35,"166","0.9","0.35","base",0.157,0.08518719,0.04448852,0.394,0.394,0.394,0,0,0,0.387,0.387,0.387,0,0,0
"a167_0.95_0.35_base",0,Inf,Inf,0.95,0.35,"167","0.95","0.35","base",0.157,0.08518719,0.04448852,0.394,0.394,0.394,0,0,0,0.387,0.387,0.387,0,0,0
"a168_1_0.35_base",0,Inf,Inf,1,0.35,"168","1","0.35","base",0.157,0.08518719,0.04448852,0.394,0.394,0.394,0,0,0,0.387,0.387,0.387,0,0,0
"a169_0_0.4_base",0,Inf,Inf,0,0.4,"169","0","0.4","base",0.157,0.08518719,0.04448852,0.394,0.394,0.394,0,0,0,0.387,0.387,0.387,0,0,0
"a170_0.05_0.4_base",0,Inf,Inf,0.05,0.4,"170","0.05","0.4","base",0.157,0.08518719,0.04448852,0.394,0.394,0.394,0,0,0,0.387,0.387,0.387,0,0,0
"a171_0.1_0.4_base",0,Inf,Inf,0.1,0.4,"171","0.1","0.4","base",0.157,0.08518719,0.04448852,0.394,0.394,0.394,0,0,0,0.387,0.387,0.387,0,0,0
"a172_0.15_0.4_base",0,Inf,Inf,0.15,0.4,"172","0.15","0.4","base",0.157,0.08518719,0.04448852,0.394,0.394,0.394,0,0,0,0.387,0.387,0.387,0,0,0
"a173_0.2_0.4_base",0,Inf,Inf,0.2,0.4,"173","0.2","0.4","base",0.157,0.08518719,0.04448852,0.394,0.394,0.394,0,0,0,0.387,0.387,0.387,0,0,0
"a174_0.25_0.4_base",0,Inf,Inf,0.25,0.4,"174","0.25","0.4","base",0.157,0.08518719,0.04448852,0.394,0.394,0.394,0,0,0,0.387,0.387,0.387,0,0,0
"a175_0.3_0.4_base",0,Inf,Inf,0.3,0.4,"175","0.3","0.4","base",0.157,0.08518719,0.04448852,0.394,0.394,0.394,0,0,0,0.387,0.387,0.387,0,0,0
"a176_0.35_0.4_base",0,Inf,Inf,0.35,0.4,"176","0.35","0.4","base",0.157,0.08518719,0.04448852,0.394,0.394,0.394,0,0,0,0.387,0.387,0.387,0,0,0
"a177_0.4_0.4_base",0,Inf,Inf,0.4,0.4,"177","0.4","0.4","base",0.157,0.08518719,0.04448852,0.394,0.394,0.394,0,0,0,0.387,0.387,0.387,0,0,0
"a178_0.45_0.4_base",0,Inf,Inf,0.45,0.4,"178","0.45","0.4","base",0.157,0.08518719,0.04448852,0.394,0.394,0.394,0,0,0,0.387,0.387,0.387,0,0,0
"a179_0.5_0.4_base",0,Inf,Inf,0.5,0.4,"179","0.5","0.4","base",0.157,0.08518719,0.04448852,0.394,0.394,0.394,0,0,0,0.387,0.387,0.387,0,0,0
"a180_0.55_0.4_base",0,Inf,Inf,0.55,0.4,"180","0.55","0.4","base",0.157,0.08518719,0.04448852,0.394,0.394,0.394,0,0,0,0.387,0.387,0.387,0,0,0
"a181_0.6_0.4_base",0,Inf,Inf,0.6,0.4,"181","0.6","0.4","base",0.157,0.08518719,0.04448852,0.394,0.394,0.394,0,0,0,0.387,0.387,0.387,0,0,0
"a182_0.65_0.4_base",0,Inf,Inf,0.65,0.4,"182","0.65","0.4","base",0.157,0.08518719,0.04448852,0.394,0.394,0.394,0,0,0,0.387,0.387,0.387,0,0,0
"a183_0.7_0.4_base",0,Inf,Inf,0.7,0.4,"183","0.7","0.4","base",0.157,0.08518719,0.04448852,0.394,0.394,0.394,0,0,0,0.387,0.387,0.387,0,0,0
"a184_0.75_0.4_base",0,Inf,Inf,0.75,0.4,"184","0.75","0.4","base",0.157,0.08518719,0.04448852,0.394,0.394,0.394,0,0,0,0.387,0.387,0.387,0,0,0
"a185_0.8_0.4_base",0,Inf,Inf,0.8,0.4,"185","0.8","0.4","base",0.157,0.08518719,0.04448852,0.394,0.394,0.394,0,0,0,0.387,0.387,0.387,0,0,0
"a186_0.85_0.4_base",0,Inf,Inf,0.85,0.4,"186","0.85","0.4","base",0.157,0.08518719,0.04448852,0.394,0.394,0.394,0,0,0,0.387,0.387,0.387,0,0,0
"a187_0.9_0.4_base",0,Inf,Inf,0.9,0.4,"187","0.9","0.4","base",0.157,0.08518719,0.04448852,0.394,0.394,0.394,0,0,0,0.387,0.387,0.387,0,0,0
"a188_0.95_0.4_base",0,Inf,Inf,0.95,0.4,"188","0.95","0.4","base",0.157,0.08518719,0.04448852,0.394,0.394,0.394,0,0,0,0.387,0.387,0.387,0,0,0
"a189_1_0.4_base",0,Inf,Inf,1,0.4,"189","1","0.4","base",0.157,0.08518719,0.04448852,0.394,0.394,0.394,0,0,0,0.387,0.387,0.387,0,0,0
"a190_0_0.45_base",0,Inf,Inf,0,0.45,"190","0","0.45","base",0.157,0.08518719,0.04448852,0.394,0.394,0.394,0,0,0,0.387,0.387,0.387,0,0,0
"a191_0.05_0.45_base",0,Inf,Inf,0.05,0.45,"191","0.05","0.45","base",0.157,0.08518719,0.04448852,0.394,0.394,0.394,0,0,0,0.387,0.387,0.387,0,0,0
"a192_0.1_0.45_base",0,Inf,Inf,0.1,0.45,"192","0.1","0.45","base",0.157,0.08518719,0.04448852,0.394,0.394,0.394,0,0,0,0.387,0.387,0.387,0,0,0
"a193_0.15_0.45_base",0,Inf,Inf,0.15,0.45,"193","0.15","0.45","base",0.157,0.08518719,0.04448852,0.394,0.394,0.394,0,0,0,0.387,0.387,0.387,0,0,0
"a194_0.2_0.45_base",0,Inf,Inf,0.2,0.45,"194","0.2","0.45","base",0.157,0.08518719,0.04448852,0.394,0.394,0.394,0,0,0,0.387,0.387,0.387,0,0,0
"a195_0.25_0.45_base",0,Inf,Inf,0.25,0.45,"195","0.25","0.45","base",0.157,0.08518719,0.04448852,0.394,0.394,0.394,0,0,0,0.387,0.387,0.387,0,0,0
"a196_0.3_0.45_base",0,Inf,Inf,0.3,0.45,"196","0.3","0.45","base",0.157,0.08518719,0.04448852,0.394,0.394,0.394,0,0,0,0.387,0.387,0.387,0,0,0
"a197_0.35_0.45_base",0,Inf,Inf,0.35,0.45,"197","0.35","0.45","base",0.157,0.08518719,0.04448852,0.394,0.394,0.394,0,0,0,0.387,0.387,0.387,0,0,0
"a198_0.4_0.45_base",0,Inf,Inf,0.4,0.45,"198","0.4","0.45","base",0.157,0.08518719,0.04448852,0.394,0.394,0.394,0,0,0,0.387,0.387,0.387,0,0,0
"a199_0.45_0.45_base",0,Inf,Inf,0.45,0.45,"199","0.45","0.45","base",0.157,0.08518719,0.04448852,0.394,0.394,0.394,0,0,0,0.387,0.387,0.387,0,0,0
"a200_0.5_0.45_base",0,Inf,Inf,0.5,0.45,"200","0.5","0.45","base",0.157,0.08518719,0.04448852,0.394,0.394,0.394,0,0,0,0.387,0.387,0.387,0,0,0
"a201_0.55_0.45_base",0,Inf,Inf,0.55,0.45,"201","0.55","0.45","base",0.157,0.08518719,0.04448852,0.394,0.394,0.394,0,0,0,0.387,0.387,0.387,0,0,0
"a202_0.6_0.45_base",0,Inf,Inf,0.6,0.45,"202","0.6","0.45","base",0.157,0.08518719,0.04448852,0.394,0.394,0.394,0,0,0,0.387,0.387,0.387,0,0,0
"a203_0.65_0.45_base",0,Inf,Inf,0.65,0.45,"203","0.65","0.45","base",0.157,0.08518719,0.04448852,0.394,0.394,0.394,0,0,0,0.387,0.387,0.387,0,0,0
"a204_0.7_0.45_base",0,Inf,Inf,0.7,0.45,"204","0.7","0.45","base",0.157,0.08518719,0.04448852,0.394,0.394,0.394,0,0,0,0.387,0.387,0.387,0,0,0
"a205_0.75_0.45_base",0,Inf,Inf,0.75,0.45,"205","0.75","0.45","base",0.157,0.08518719,0.04448852,0.394,0.394,0.394,0,0,0,0.387,0.387,0.387,0,0,0
"a206_0.8_0.45_base",0,Inf,Inf,0.8,0.45,"206","0.8","0.45","base",0.157,0.08518719,0.04448852,0.394,0.394,0.394,0,0,0,0.387,0.387,0.387,0,0,0
"a207_0.85_0.45_base",0,Inf,Inf,0.85,0.45,"207","0.85","0.45","base",0.157,0.08518719,0.04448852,0.394,0.394,0.394,0,0,0,0.387,0.387,0.387,0,0,0
"a208_0.9_0.45_base",0,Inf,Inf,0.9,0.45,"208","0.9","0.45","base",0.157,0.08518719,0.04448852,0.394,0.394,0.394,0,0,0,0.387,0.387,0.387,0,0,0
"a209_0.95_0.45_base",0,Inf,Inf,0.95,0.45,"209","0.95","0.45","base",0.157,0.08518719,0.04448852,0.394,0.394,0.394,0,0,0,0.387,0.387,0.387,0,0,0
"a210_1_0.45_base",0,Inf,Inf,1,0.45,"210","1","0.45","base",0.157,0.08518719,0.04448852,0.394,0.394,0.394,0,0,0,0.387,0.387,0.387,0,0,0
"a211_0_0.5_base",0,Inf,Inf,0,0.5,"211","0","0.5","base",0.157,0.08518719,0.04448852,0.394,0.394,0.394,0,0,0,0.387,0.387,0.387,0,0,0
"a212_0.05_0.5_base",0,Inf,Inf,0.05,0.5,"212","0.05","0.5","base",0.157,0.08518719,0.04448852,0.394,0.394,0.394,0,0,0,0.387,0.387,0.387,0,0,0
"a213_0.1_0.5_base",0,Inf,Inf,0.1,0.5,"213","0.1","0.5","base",0.157,0.08518719,0.04448852,0.394,0.394,0.394,0,0,0,0.387,0.387,0.387,0,0,0
"a214_0.15_0.5_base",0,Inf,Inf,0.15,0.5,"214","0.15","0.5","base",0.157,0.08518719,0.04448852,0.394,0.394,0.394,0,0,0,0.387,0.387,0.387,0,0,0
"a215_0.2_0.5_base",0,Inf,Inf,0.2,0.5,"215","0.2","0.5","base",0.157,0.08518719,0.04448852,0.394,0.394,0.394,0,0,0,0.387,0.387,0.387,0,0,0
"a216_0.25_0.5_base",0,Inf,Inf,0.25,0.5,"216","0.25","0.5","base",0.157,0.08518719,0.04448852,0.394,0.394,0.394,0,0,0,0.387,0.387,0.387,0,0,0
"a217_0.3_0.5_base",0,Inf,Inf,0.3,0.5,"217","0.3","0.5","base",0.157,0.08518719,0.04448852,0.394,0.394,0.394,0,0,0,0.387,0.387,0.387,0,0,0
"a218_0.35_0.5_base",0,Inf,Inf,0.35,0.5,"218","0.35","0.5","base",0.157,0.08518719,0.04448852,0.394,0.394,0.394,0,0,0,0.387,0.387,0.387,0,0,0
"a219_0.4_0.5_base",0,Inf,Inf,0.4,0.5,"219","0.4","0.5","base",0.157,0.08518719,0.04448852,0.394,0.394,0.394,0,0,0,0.387,0.387,0.387,0,0,0
"a220_0.45_0.5_base",0,Inf,Inf,0.45,0.5,"220","0.45","0.5","base",0.157,0.08518719,0.04448852,0.394,0.394,0.394,0,0,0,0.387,0.387,0.387,0,0,0
"a221_0.5_0.5_base",0,Inf,Inf,0.5,0.5,"221","0.5","0.5","base",0.157,0.08518719,0.04448852,0.394,0.394,0.394,0,0,0,0.387,0.387,0.387,0,0,0
"a222_0.55_0.5_base",0,Inf,Inf,0.55,0.5,"222","0.55","0.5","base",0.157,0.08518719,0.04448852,0.394,0.394,0.394,0,0,0,0.387,0.387,0.387,0,0,0
"a223_0.6_0.5_base",0,Inf,Inf,0.6,0.5,"223","0.6","0.5","base",0.157,0.08518719,0.04448852,0.394,0.394,0.394,0,0,0,0.387,0.387,0.387,0,0,0
"a224_0.65_0.5_base",0,Inf,Inf,0.65,0.5,"224","0.65","0.5","base",0.157,0.08518719,0.04448852,0.394,0.394,0.394,0,0,0,0.387,0.387,0.387,0,0,0
"a225_0.7_0.5_base",0,Inf,Inf,0.7,0.5,"225","0.7","0.5","base",0.157,0.08518719,0.04448852,0.394,0.394,0.394,0,0,0,0.387,0.387,0.387,0,0,0
"a226_0.75_0.5_base",0,Inf,Inf,0.75,0.5,"226","0.75","0.5","base",0.157,0.08518719,0.04448852,0.394,0.394,0.394,0,0,0,0.387,0.387,0.387,0,0,0
"a227_0.8_0.5_base",0,Inf,Inf,0.8,0.5,"227","0.8","0.5","base",0.157,0.08518719,0.04448852,0.394,0.394,0.394,0,0,0,0.387,0.387,0.387,0,0,0
"a228_0.85_0.5_base",0,Inf,Inf,0.85,0.5,"228","0.85","0.5","base",0.157,0.08518719,0.04448852,0.394,0.394,0.394,0,0,0,0.387,0.387,0.387,0,0,0
"a229_0.9_0.5_base",0,Inf,Inf,0.9,0.5,"229","0.9","0.5","base",0.157,0.08518719,0.04448852,0.394,0.394,0.394,0,0,0,0.387,0.387,0.387,0,0,0
"a230_0.95_0.5_base",0,Inf,Inf,0.95,0.5,"230","0.95","0.5","base",0.157,0.08518719,0.04448852,0.394,0.394,0.394,0,0,0,0.387,0.387,0.387,0,0,0
"a231_1_0.5_base",0,Inf,Inf,1,0.5,"231","1","0.5","base",0.157,0.08518719,0.04448852,0.394,0.394,0.394,0,0,0,0.387,0.387,0.387,0,0,0
"a232_0_0.55_base",0,Inf,Inf,0,0.55,"232","0","0.55","base",0.157,0.08518719,0.04448852,0.394,0.394,0.394,0,0,0,0.387,0.387,0.387,0,0,0
"a233_0.05_0.55_base",0,Inf,Inf,0.05,0.55,"233","0.05","0.55","base",0.157,0.08518719,0.04448852,0.394,0.394,0.394,0,0,0,0.387,0.387,0.387,0,0,0
"a234_0.1_0.55_base",0,Inf,Inf,0.1,0.55,"234","0.1","0.55","base",0.157,0.08518719,0.04448852,0.394,0.394,0.394,0,0,0,0.387,0.387,0.387,0,0,0
"a235_0.15_0.55_base",0,Inf,Inf,0.15,0.55,"235","0.15","0.55","base",0.157,0.08518719,0.04448852,0.394,0.394,0.394,0,0,0,0.387,0.387,0.387,0,0,0
"a236_0.2_0.55_base",0,Inf,Inf,0.2,0.55,"236","0.2","0.55","base",0.157,0.08518719,0.04448852,0.394,0.394,0.394,0,0,0,0.387,0.387,0.387,0,0,0
"a237_0.25_0.55_base",0,Inf,Inf,0.25,0.55,"237","0.25","0.55","base",0.157,0.08518719,0.04448852,0.394,0.394,0.394,0,0,0,0.387,0.387,0.387,0,0,0
"a238_0.3_0.55_base",0,Inf,Inf,0.3,0.55,"238","0.3","0.55","base",0.157,0.08518719,0.04448852,0.394,0.394,0.394,0,0,0,0.387,0.387,0.387,0,0,0
"a239_0.35_0.55_base",0,Inf,Inf,0.35,0.55,"239","0.35","0.55","base",0.157,0.08518719,0.04448852,0.394,0.394,0.394,0,0,0,0.387,0.387,0.387,0,0,0
"a240_0.4_0.55_base",0,Inf,Inf,0.4,0.55,"240","0.4","0.55","base",0.157,0.08518719,0.04448852,0.394,0.394,0.394,0,0,0,0.387,0.387,0.387,0,0,0
"a241_0.45_0.55_base",0,Inf,Inf,0.45,0.55,"241","0.45","0.55","base",0.157,0.08518719,0.04448852,0.394,0.394,0.394,0,0,0,0.387,0.387,0.387,0,0,0
"a242_0.5_0.55_base",0,Inf,Inf,0.5,0.55,"242","0.5","0.55","base",0.157,0.08518719,0.04448852,0.394,0.394,0.394,0,0,0,0.387,0.387,0.387,0,0,0
"a243_0.55_0.55_base",0,Inf,Inf,0.55,0.55,"243","0.55","0.55","base",0.157,0.08518719,0.04448852,0.394,0.394,0.394,0,0,0,0.387,0.387,0.387,0,0,0
"a244_0.6_0.55_base",0,Inf,Inf,0.6,0.55,"244","0.6","0.55","base",0.157,0.08518719,0.04448852,0.394,0.394,0.394,0,0,0,0.387,0.387,0.387,0,0,0
"a245_0.65_0.55_base",0,Inf,Inf,0.65,0.55,"245","0.65","0.55","base",0.157,0.08518719,0.04448852,0.394,0.394,0.394,0,0,0,0.387,0.387,0.387,0,0,0
"a246_0.7_0.55_base",0,Inf,Inf,0.7,0.55,"246","0.7","0.55","base",0.157,0.08518719,0.04448852,0.394,0.394,0.394,0,0,0,0.387,0.387,0.387,0,0,0
"a247_0.75_0.55_base",0,Inf,Inf,0.75,0.55,"247","0.75","0.55","base",0.157,0.08518719,0.04448852,0.394,0.394,0.394,0,0,0,0.387,0.387,0.387,0,0,0
"a248_0.8_0.55_base",0,Inf,Inf,0.8,0.55,"248","0.8","0.55","base",0.157,0.08518719,0.04448852,0.394,0.394,0.394,0,0,0,0.387,0.387,0.387,0,0,0
"a249_0.85_0.55_base",0,Inf,Inf,0.85,0.55,"249","0.85","0.55","base",0.157,0.08518719,0.04448852,0.394,0.394,0.394,0,0,0,0.387,0.387,0.387,0,0,0
"a250_0.9_0.55_base",0,Inf,Inf,0.9,0.55,"250","0.9","0.55","base",0.157,0.08518719,0.04448852,0.394,0.394,0.394,0,0,0,0.387,0.387,0.387,0,0,0
"a251_0.95_0.55_base",0,Inf,Inf,0.95,0.55,"251","0.95","0.55","base",0.157,0.08518719,0.04448852,0.394,0.394,0.394,0,0,0,0.387,0.387,0.387,0,0,0
"a252_1_0.55_base",0,Inf,Inf,1,0.55,"252","1","0.55","base",0.157,0.08518719,0.04448852,0.394,0.394,0.394,0,0,0,0.387,0.387,0.387,0,0,0
"a253_0_0.6_base",0,Inf,Inf,0,0.6,"253","0","0.6","base",0.157,0.08518719,0.04448852,0.394,0.394,0.394,0,0,0,0.387,0.387,0.387,0,0,0
"a254_0.05_0.6_base",0,Inf,Inf,0.05,0.6,"254","0.05","0.6","base",0.157,0.08518719,0.04448852,0.394,0.394,0.394,0,0,0,0.387,0.387,0.387,0,0,0
"a255_0.1_0.6_base",0,Inf,Inf,0.1,0.6,"255","0.1","0.6","base",0.157,0.08518719,0.04448852,0.394,0.394,0.394,0,0,0,0.387,0.387,0.387,0,0,0
"a256_0.15_0.6_base",0,Inf,Inf,0.15,0.6,"256","0.15","0.6","base",0.157,0.08518719,0.04448852,0.394,0.394,0.394,0,0,0,0.387,0.387,0.387,0,0,0
"a257_0.2_0.6_base",0,Inf,Inf,0.2,0.6,"257","0.2","0.6","base",0.157,0.08518719,0.04448852,0.394,0.394,0.394,0,0,0,0.387,0.387,0.387,0,0,0
"a258_0.25_0.6_base",0,Inf,Inf,0.25,0.6,"258","0.25","0.6","base",0.157,0.08518719,0.04448852,0.394,0.394,0.394,0,0,0,0.387,0.387,0.387,0,0,0
"a259_0.3_0.6_base",0,Inf,Inf,0.3,0.6,"259","0.3","0.6","base",0.157,0.08518719,0.04448852,0.394,0.394,0.394,0,0,0,0.387,0.387,0.387,0,0,0
"a260_0.35_0.6_base",0,Inf,Inf,0.35,0.6,"260","0.35","0.6","base",0.157,0.08518719,0.04448852,0.394,0.394,0.394,0,0,0,0.387,0.387,0.387,0,0,0
"a261_0.4_0.6_base",0,Inf,Inf,0.4,0.6,"261","0.4","0.6","base",0.157,0.08518719,0.04448852,0.394,0.394,0.394,0,0,0,0.387,0.387,0.387,0,0,0
"a262_0.45_0.6_base",0,Inf,Inf,0.45,0.6,"262","0.45","0.6","base",0.157,0.08518719,0.04448852,0.394,0.394,0.394,0,0,0,0.387,0.387,0.387,0,0,0
"a263_0.5_0.6_base",0,Inf,Inf,0.5,0.6,"263","0.5","0.6","base",0.157,0.08518719,0.04448852,0.394,0.394,0.394,0,0,0,0.387,0.387,0.387,0,0,0
"a264_0.55_0.6_base",0,Inf,Inf,0.55,0.6,"264","0.55","0.6","base",0.157,0.08518719,0.04448852,0.394,0.394,0.394,0,0,0,0.387,0.387,0.387,0,0,0
"a265_0.6_0.6_base",0,Inf,Inf,0.6,0.6,"265","0.6","0.6","base",0.157,0.08518719,0.04448852,0.394,0.394,0.394,0,0,0,0.387,0.387,0.387,0,0,0
"a266_0.65_0.6_base",0,Inf,Inf,0.65,0.6,"266","0.65","0.6","base",0.157,0.08518719,0.04448852,0.394,0.394,0.394,0,0,0,0.387,0.387,0.387,0,0,0
"a267_0.7_0.6_base",0,Inf,Inf,0.7,0.6,"267","0.7","0.6","base",0.157,0.08518719,0.04448852,0.394,0.394,0.394,0,0,0,0.387,0.387,0.387,0,0,0
"a268_0.75_0.6_base",0,Inf,Inf,0.75,0.6,"268","0.75","0.6","base",0.157,0.08518719,0.04448852,0.394,0.394,0.394,0,0,0,0.387,0.387,0.387,0,0,0
"a269_0.8_0.6_base",0,Inf,Inf,0.8,0.6,"269","0.8","0.6","base",0.157,0.08518719,0.04448852,0.394,0.394,0.394,0,0,0,0.387,0.387,0.387,0,0,0
"a270_0.85_0.6_base",0,Inf,Inf,0.85,0.6,"270","0.85","0.6","base",0.157,0.08518719,0.04448852,0.394,0.394,0.394,0,0,0,0.387,0.387,0.387,0,0,0
"a271_0.9_0.6_base",0,Inf,Inf,0.9,0.6,"271","0.9","0.6","base",0.157,0.08518719,0.04448852,0.394,0.394,0.394,0,0,0,0.387,0.387,0.387,0,0,0
"a272_0.95_0.6_base",0,Inf,Inf,0.95,0.6,"272","0.95","0.6","base",0.157,0.08518719,0.04448852,0.394,0.394,0.394,0,0,0,0.387,0.387,0.387,0,0,0
"a273_1_0.6_base",0,Inf,Inf,1,0.6,"273","1","0.6","base",0.157,0.08518719,0.04448852,0.394,0.394,0.394,0,0,0,0.387,0.387,0.387,0,0,0
"a274_0_0.65_base",0,Inf,Inf,0,0.65,"274","0","0.65","base",0.157,0.08518719,0.04448852,0.394,0.394,0.394,0,0,0,0.387,0.387,0.387,0,0,0
"a275_0.05_0.65_base",0,Inf,Inf,0.05,0.65,"275","0.05","0.65","base",0.157,0.08518719,0.04448852,0.394,0.394,0.394,0,0,0,0.387,0.387,0.387,0,0,0
"a276_0.1_0.65_base",0,Inf,Inf,0.1,0.65,"276","0.1","0.65","base",0.157,0.08518719,0.04448852,0.394,0.394,0.394,0,0,0,0.387,0.387,0.387,0,0,0
"a277_0.15_0.65_base",0,Inf,Inf,0.15,0.65,"277","0.15","0.65","base",0.157,0.08518719,0.04448852,0.394,0.394,0.394,0,0,0,0.387,0.387,0.387,0,0,0
"a278_0.2_0.65_base",0,Inf,Inf,0.2,0.65,"278","0.2","0.65","base",0.157,0.08518719,0.04448852,0.394,0.394,0.394,0,0,0,0.387,0.387,0.387,0,0,0
"a279_0.25_0.65_base",0,Inf,Inf,0.25,0.65,"279","0.25","0.65","base",0.157,0.08518719,0.04448852,0.394,0.394,0.394,0,0,0,0.387,0.387,0.387,0,0,0
"a280_0.3_0.65_base",0,Inf,Inf,0.3,0.65,"280","0.3","0.65","base",0.157,0.08518719,0.04448852,0.394,0.394,0.394,0,0,0,0.387,0.387,0.387,0,0,0
"a281_0.35_0.65_base",0,Inf,Inf,0.35,0.65,"281","0.35","0.65","base",0.157,0.08518719,0.04448852,0.394,0.394,0.394,0,0,0,0.387,0.387,0.387,0,0,0
"a282_0.4_0.65_base",0,Inf,Inf,0.4,0.65,"282","0.4","0.65","base",0.157,0.08518719,0.04448852,0.394,0.394,0.394,0,0,0,0.387,0.387,0.387,0,0,0
"a283_0.45_0.65_base",0,Inf,Inf,0.45,0.65,"283","0.45","0.65","base",0.157,0.08518719,0.04448852,0.394,0.394,0.394,0,0,0,0.387,0.387,0.387,0,0,0
"a284_0.5_0.65_base",0,Inf,Inf,0.5,0.65,"284","0.5","0.65","base",0.157,0.08518719,0.04448852,0.394,0.394,0.394,0,0,0,0.387,0.387,0.387,0,0,0
"a285_0.55_0.65_base",0,Inf,Inf,0.55,0.65,"285","0.55","0.65","base",0.157,0.08518719,0.04448852,0.394,0.394,0.394,0,0,0,0.387,0.387,0.387,0,0,0
"a286_0.6_0.65_base",0,Inf,Inf,0.6,0.65,"286","0.6","0.65","base",0.157,0.08518719,0.04448852,0.394,0.394,0.394,0,0,0,0.387,0.387,0.387,0,0,0
"a287_0.65_0.65_base",0,Inf,Inf,0.65,0.65,"287","0.65","0.65","base",0.157,0.08518719,0.04448852,0.394,0.394,0.394,0,0,0,0.387,0.387,0.387,0,0,0
"a288_0.7_0.65_base",0,Inf,Inf,0.7,0.65,"288","0.7","0.65","base",0.157,0.08518719,0.04448852,0.394,0.394,0.394,0,0,0,0.387,0.387,0.387,0,0,0
"a289_0.75_0.65_base",0,Inf,Inf,0.75,0.65,"289","0.75","0.65","base",0.157,0.08518719,0.04448852,0.394,0.394,0.394,0,0,0,0.387,0.387,0.387,0,0,0
"a290_0.8_0.65_base",0,Inf,Inf,0.8,0.65,"290","0.8","0.65","base",0.157,0.08518719,0.04448852,0.394,0.394,0.394,0,0,0,0.387,0.387,0.387,0,0,0
"a291_0.85_0.65_base",0,Inf,Inf,0.85,0.65,"291","0.85","0.65","base",0.157,0.08518719,0.04448852,0.394,0.394,0.394,0,0,0,0.387,0.387,0.387,0,0,0
"a292_0.9_0.65_base",0,Inf,Inf,0.9,0.65,"292","0.9","0.65","base",0.157,0.08518719,0.04448852,0.394,0.394,0.394,0,0,0,0.387,0.387,0.387,0,0,0
"a293_0.95_0.65_base",0,Inf,Inf,0.95,0.65,"293","0.95","0.65","base",0.157,0.08518719,0.04448852,0.394,0.394,0.394,0,0,0,0.387,0.387,0.387,0,0,0
"a294_1_0.65_base",0,Inf,Inf,1,0.65,"294","1","0.65","base",0.157,0.08518719,0.04448852,0.394,0.394,0.394,0,0,0,0.387,0.387,0.387,0,0,0
"a295_0_0.7_base",0,Inf,Inf,0,0.7,"295","0","0.7","base",0.157,0.08518719,0.04448852,0.394,0.394,0.394,0,0,0,0.387,0.387,0.387,0,0,0
"a296_0.05_0.7_base",0,Inf,Inf,0.05,0.7,"296","0.05","0.7","base",0.157,0.08518719,0.04448852,0.394,0.394,0.394,0,0,0,0.387,0.387,0.387,0,0,0
"a297_0.1_0.7_base",0,Inf,Inf,0.1,0.7,"297","0.1","0.7","base",0.157,0.08518719,0.04448852,0.394,0.394,0.394,0,0,0,0.387,0.387,0.387,0,0,0
"a298_0.15_0.7_base",0,Inf,Inf,0.15,0.7,"298","0.15","0.7","base",0.157,0.08518719,0.04448852,0.394,0.394,0.394,0,0,0,0.387,0.387,0.387,0,0,0
"a299_0.2_0.7_base",0,Inf,Inf,0.2,0.7,"299","0.2","0.7","base",0.157,0.08518719,0.04448852,0.394,0.394,0.394,0,0,0,0.387,0.387,0.387,0,0,0
"a300_0.25_0.7_base",0,Inf,Inf,0.25,0.7,"300","0.25","0.7","base",0.157,0.08518719,0.04448852,0.394,0.394,0.394,0,0,0,0.387,0.387,0.387,0,0,0
"a301_0.3_0.7_base",0,Inf,Inf,0.3,0.7,"301","0.3","0.7","base",0.157,0.08518719,0.04448852,0.394,0.394,0.394,0,0,0,0.387,0.387,0.387,0,0,0
"a302_0.35_0.7_base",0,Inf,Inf,0.35,0.7,"302","0.35","0.7","base",0.157,0.08518719,0.04448852,0.394,0.394,0.394,0,0,0,0.387,0.387,0.387,0,0,0
"a303_0.4_0.7_base",0,Inf,Inf,0.4,0.7,"303","0.4","0.7","base",0.157,0.08518719,0.04448852,0.394,0.394,0.394,0,0,0,0.387,0.387,0.387,0,0,0
"a304_0.45_0.7_base",0,Inf,Inf,0.45,0.7,"304","0.45","0.7","base",0.157,0.08518719,0.04448852,0.394,0.394,0.394,0,0,0,0.387,0.387,0.387,0,0,0
"a305_0.5_0.7_base",0,Inf,Inf,0.5,0.7,"305","0.5","0.7","base",0.157,0.08518719,0.04448852,0.394,0.394,0.394,0,0,0,0.387,0.387,0.387,0,0,0
"a306_0.55_0.7_base",0,Inf,Inf,0.55,0.7,"306","0.55","0.7","base",0.157,0.08518719,0.04448852,0.394,0.394,0.394,0,0,0,0.387,0.387,0.387,0,0,0
"a307_0.6_0.7_base",0,Inf,Inf,0.6,0.7,"307","0.6","0.7","base",0.157,0.08518719,0.04448852,0.394,0.394,0.394,0,0,0,0.387,0.387,0.387,0,0,0
"a308_0.65_0.7_base",0,Inf,Inf,0.65,0.7,"308","0.65","0.7","base",0.157,0.08518719,0.04448852,0.394,0.394,0.394,0,0,0,0.387,0.387,0.387,0,0,0
"a309_0.7_0.7_base",0,Inf,Inf,0.7,0.7,"309","0.7","0.7","base",0.157,0.08518719,0.04448852,0.394,0.394,0.394,0,0,0,0.387,0.387,0.387,0,0,0
"a310_0.75_0.7_base",0,Inf,Inf,0.75,0.7,"310","0.75","0.7","base",0.157,0.08518719,0.04448852,0.394,0.394,0.394,0,0,0,0.387,0.387,0.387,0,0,0
"a311_0.8_0.7_base",0,Inf,Inf,0.8,0.7,"311","0.8","0.7","base",0.157,0.08518719,0.04448852,0.394,0.394,0.394,0,0,0,0.387,0.387,0.387,0,0,0
"a312_0.85_0.7_base",0,Inf,Inf,0.85,0.7,"312","0.85","0.7","base",0.157,0.08518719,0.04448852,0.394,0.394,0.394,0,0,0,0.387,0.387,0.387,0,0,0
"a313_0.9_0.7_base",0,Inf,Inf,0.9,0.7,"313","0.9","0.7","base",0.157,0.08518719,0.04448852,0.394,0.394,0.394,0,0,0,0.387,0.387,0.387,0,0,0
"a314_0.95_0.7_base",0,Inf,Inf,0.95,0.7,"314","0.95","0.7","base",0.157,0.08518719,0.04448852,0.394,0.394,0.394,0,0,0,0.387,0.387,0.387,0,0,0
"a315_1_0.7_base",0,Inf,Inf,1,0.7,"315","1","0.7","base",0.157,0.08518719,0.04448852,0.394,0.394,0.394,0,0,0,0.387,0.387,0.387,0,0,0
"a316_0_0.75_base",0,Inf,Inf,0,0.75,"316","0","0.75","base",0.157,0.08518719,0.04448852,0.394,0.394,0.394,0,0,0,0.387,0.387,0.387,0,0,0
"a317_0.05_0.75_base",0,Inf,Inf,0.05,0.75,"317","0.05","0.75","base",0.157,0.08518719,0.04448852,0.394,0.394,0.394,0,0,0,0.387,0.387,0.387,0,0,0
"a318_0.1_0.75_base",0,Inf,Inf,0.1,0.75,"318","0.1","0.75","base",0.157,0.08518719,0.04448852,0.394,0.394,0.394,0,0,0,0.387,0.387,0.387,0,0,0
"a319_0.15_0.75_base",0,Inf,Inf,0.15,0.75,"319","0.15","0.75","base",0.157,0.08518719,0.04448852,0.394,0.394,0.394,0,0,0,0.387,0.387,0.387,0,0,0
"a320_0.2_0.75_base",0,Inf,Inf,0.2,0.75,"320","0.2","0.75","base",0.157,0.08518719,0.04448852,0.394,0.394,0.394,0,0,0,0.387,0.387,0.387,0,0,0
"a321_0.25_0.75_base",0,Inf,Inf,0.25,0.75,"321","0.25","0.75","base",0.157,0.08518719,0.04448852,0.394,0.394,0.394,0,0,0,0.387,0.387,0.387,0,0,0
"a322_0.3_0.75_base",0,Inf,Inf,0.3,0.75,"322","0.3","0.75","base",0.157,0.08518719,0.04448852,0.394,0.394,0.394,0,0,0,0.387,0.387,0.387,0,0,0
"a323_0.35_0.75_base",0,Inf,Inf,0.35,0.75,"323","0.35","0.75","base",0.157,0.08518719,0.04448852,0.394,0.394,0.394,0,0,0,0.387,0.387,0.387,0,0,0
"a324_0.4_0.75_base",0,Inf,Inf,0.4,0.75,"324","0.4","0.75","base",0.157,0.08518719,0.04448852,0.394,0.394,0.394,0,0,0,0.387,0.387,0.387,0,0,0
"a325_0.45_0.75_base",0,Inf,Inf,0.45,0.75,"325","0.45","0.75","base",0.157,0.08518719,0.04448852,0.394,0.394,0.394,0,0,0,0.387,0.387,0.387,0,0,0
"a326_0.5_0.75_base",0,Inf,Inf,0.5,0.75,"326","0.5","0.75","base",0.157,0.08518719,0.04448852,0.394,0.394,0.394,0,0,0,0.387,0.387,0.387,0,0,0
"a327_0.55_0.75_base",0,Inf,Inf,0.55,0.75,"327","0.55","0.75","base",0.157,0.08518719,0.04448852,0.394,0.394,0.394,0,0,0,0.387,0.387,0.387,0,0,0
"a328_0.6_0.75_base",0,Inf,Inf,0.6,0.75,"328","0.6","0.75","base",0.157,0.08518719,0.04448852,0.394,0.394,0.394,0,0,0,0.387,0.387,0.387,0,0,0
"a329_0.65_0.75_base",0,Inf,Inf,0.65,0.75,"329","0.65","0.75","base",0.157,0.08518719,0.04448852,0.394,0.394,0.394,0,0,0,0.387,0.387,0.387,0,0,0
"a330_0.7_0.75_base",0,Inf,Inf,0.7,0.75,"330","0.7","0.75","base",0.157,0.08518719,0.04448852,0.394,0.394,0.394,0,0,0,0.387,0.387,0.387,0,0,0
"a331_0.75_0.75_base",0,Inf,Inf,0.75,0.75,"331","0.75","0.75","base",0.157,0.08518719,0.04448852,0.394,0.394,0.394,0,0,0,0.387,0.387,0.387,0,0,0
"a332_0.8_0.75_base",0,Inf,Inf,0.8,0.75,"332","0.8","0.75","base",0.157,0.08518719,0.04448852,0.394,0.394,0.394,0,0,0,0.387,0.387,0.387,0,0,0
"a333_0.85_0.75_base",0,Inf,Inf,0.85,0.75,"333","0.85","0.75","base",0.157,0.08518719,0.04448852,0.394,0.394,0.394,0,0,0,0.387,0.387,0.387,0,0,0
"a334_0.9_0.75_base",0,Inf,Inf,0.9,0.75,"334","0.9","0.75","base",0.157,0.08518719,0.04448852,0.394,0.394,0.394,0,0,0,0.387,0.387,0.387,0,0,0
"a335_0.95_0.75_base",0,Inf,Inf,0.95,0.75,"335","0.95","0.75","base",0.157,0.08518719,0.04448852,0.394,0.394,0.394,0,0,0,0.387,0.387,0.387,0,0,0
"a336_1_0.75_base",0,Inf,Inf,1,0.75,"336","1","0.75","base",0.157,0.08518719,0.04448852,0.394,0.394,0.394,0,0,0,0.387,0.387,0.387,0,0,0
"a337_0_0.8_base",0,Inf,Inf,0,0.8,"337","0","0.8","base",0.157,0.08518719,0.04448852,0.394,0.394,0.394,0,0,0,0.387,0.387,0.387,0,0,0
"a338_0.05_0.8_base",0,Inf,Inf,0.05,0.8,"338","0.05","0.8","base",0.157,0.08518719,0.04448852,0.394,0.394,0.394,0,0,0,0.387,0.387,0.387,0,0,0
"a339_0.1_0.8_base",0,Inf,Inf,0.1,0.8,"339","0.1","0.8","base",0.157,0.08518719,0.04448852,0.394,0.394,0.394,0,0,0,0.387,0.387,0.387,0,0,0
"a340_0.15_0.8_base",0,Inf,Inf,0.15,0.8,"340","0.15","0.8","base",0.157,0.08518719,0.04448852,0.394,0.394,0.394,0,0,0,0.387,0.387,0.387,0,0,0
"a341_0.2_0.8_base",0,Inf,Inf,0.2,0.8,"341","0.2","0.8","base",0.157,0.08518719,0.04448852,0.394,0.394,0.394,0,0,0,0.387,0.387,0.387,0,0,0
"a342_0.25_0.8_base",0,Inf,Inf,0.25,0.8,"342","0.25","0.8","base",0.157,0.08518719,0.04448852,0.394,0.394,0.394,0,0,0,0.387,0.387,0.387,0,0,0
"a343_0.3_0.8_base",0,Inf,Inf,0.3,0.8,"343","0.3","0.8","base",0.157,0.08518719,0.04448852,0.394,0.394,0.394,0,0,0,0.387,0.387,0.387,0,0,0
"a344_0.35_0.8_base",0,Inf,Inf,0.35,0.8,"344","0.35","0.8","base",0.157,0.08518719,0.04448852,0.394,0.394,0.394,0,0,0,0.387,0.387,0.387,0,0,0
"a345_0.4_0.8_base",0,Inf,Inf,0.4,0.8,"345","0.4","0.8","base",0.157,0.08518719,0.04448852,0.394,0.394,0.394,0,0,0,0.387,0.387,0.387,0,0,0
"a346_0.45_0.8_base",0,Inf,Inf,0.45,0.8,"346","0.45","0.8","base",0.157,0.08518719,0.04448852,0.394,0.394,0.394,0,0,0,0.387,0.387,0.387,0,0,0
"a347_0.5_0.8_base",0,Inf,Inf,0.5,0.8,"347","0.5","0.8","base",0.157,0.08518719,0.04448852,0.394,0.394,0.394,0,0,0,0.387,0.387,0.387,0,0,0
"a348_0.55_0.8_base",0,Inf,Inf,0.55,0.8,"348","0.55","0.8","base",0.157,0.08518719,0.04448852,0.394,0.394,0.394,0,0,0,0.387,0.387,0.387,0,0,0
"a349_0.6_0.8_base",0,Inf,Inf,0.6,0.8,"349","0.6","0.8","base",0.157,0.08518719,0.04448852,0.394,0.394,0.394,0,0,0,0.387,0.387,0.387,0,0,0
"a350_0.65_0.8_base",0,Inf,Inf,0.65,0.8,"350","0.65","0.8","base",0.157,0.08518719,0.04448852,0.394,0.394,0.394,0,0,0,0.387,0.387,0.387,0,0,0
"a351_0.7_0.8_base",0,Inf,Inf,0.7,0.8,"351","0.7","0.8","base",0.157,0.08518719,0.04448852,0.394,0.394,0.394,0,0,0,0.387,0.387,0.387,0,0,0
"a352_0.75_0.8_base",0,Inf,Inf,0.75,0.8,"352","0.75","0.8","base",0.157,0.08518719,0.04448852,0.394,0.394,0.394,0,0,0,0.387,0.387,0.387,0,0,0
"a353_0.8_0.8_base",0,Inf,Inf,0.8,0.8,"353","0.8","0.8","base",0.157,0.08518719,0.04448852,0.394,0.394,0.394,0,0,0,0.387,0.387,0.387,0,0,0
"a354_0.85_0.8_base",0,Inf,Inf,0.85,0.8,"354","0.85","0.8","base",0.157,0.08518719,0.04448852,0.394,0.394,0.394,0,0,0,0.387,0.387,0.387,0,0,0
"a355_0.9_0.8_base",0,Inf,Inf,0.9,0.8,"355","0.9","0.8","base",0.157,0.08518719,0.04448852,0.394,0.394,0.394,0,0,0,0.387,0.387,0.387,0,0,0
"a356_0.95_0.8_base",0,Inf,Inf,0.95,0.8,"356","0.95","0.8","base",0.157,0.08518719,0.04448852,0.394,0.394,0.394,0,0,0,0.387,0.387,0.387,0,0,0
"a357_1_0.8_base",0,Inf,Inf,1,0.8,"357","1","0.8","base",0.157,0.08518719,0.04448852,0.394,0.394,0.394,0,0,0,0.387,0.387,0.387,0,0,0
"a358_0_0.85_base",0,Inf,Inf,0,0.85,"358","0","0.85","base",0.157,0.08518719,0.04448852,0.394,0.394,0.394,0,0,0,0.387,0.387,0.387,0,0,0
"a359_0.05_0.85_base",0,Inf,Inf,0.05,0.85,"359","0.05","0.85","base",0.157,0.08518719,0.04448852,0.394,0.394,0.394,0,0,0,0.387,0.387,0.387,0,0,0
"a360_0.1_0.85_base",0,Inf,Inf,0.1,0.85,"360","0.1","0.85","base",0.157,0.08518719,0.04448852,0.394,0.394,0.394,0,0,0,0.387,0.387,0.387,0,0,0
"a361_0.15_0.85_base",0,Inf,Inf,0.15,0.85,"361","0.15","0.85","base",0.157,0.08518719,0.04448852,0.394,0.394,0.394,0,0,0,0.387,0.387,0.387,0,0,0
"a362_0.2_0.85_base",0,Inf,Inf,0.2,0.85,"362","0.2","0.85","base",0.157,0.08518719,0.04448852,0.394,0.394,0.394,0,0,0,0.387,0.387,0.387,0,0,0
"a363_0.25_0.85_base",0,Inf,Inf,0.25,0.85,"363","0.25","0.85","base",0.157,0.08518719,0.04448852,0.394,0.394,0.394,0,0,0,0.387,0.387,0.387,0,0,0
"a364_0.3_0.85_base",0,Inf,Inf,0.3,0.85,"364","0.3","0.85","base",0.157,0.08518719,0.04448852,0.394,0.394,0.394,0,0,0,0.387,0.387,0.387,0,0,0
"a365_0.35_0.85_base",0,Inf,Inf,0.35,0.85,"365","0.35","0.85","base",0.157,0.08518719,0.04448852,0.394,0.394,0.394,0,0,0,0.387,0.387,0.387,0,0,0
"a366_0.4_0.85_base",0,Inf,Inf,0.4,0.85,"366","0.4","0.85","base",0.157,0.08518719,0.04448852,0.394,0.394,0.394,0,0,0,0.387,0.387,0.387,0,0,0
"a367_0.45_0.85_base",0,Inf,Inf,0.45,0.85,"367","0.45","0.85","base",0.157,0.08518719,0.04448852,0.394,0.394,0.394,0,0,0,0.387,0.387,0.387,0,0,0
"a368_0.5_0.85_base",0,Inf,Inf,0.5,0.85,"368","0.5","0.85","base",0.157,0.08518719,0.04448852,0.394,0.394,0.394,0,0,0,0.387,0.387,0.387,0,0,0
"a369_0.55_0.85_base",0,Inf,Inf,0.55,0.85,"369","0.55","0.85","base",0.157,0.08518719,0.04448852,0.394,0.394,0.394,0,0,0,0.387,0.387,0.387,0,0,0
"a370_0.6_0.85_base",0,Inf,Inf,0.6,0.85,"370","0.6","0.85","base",0.157,0.08518719,0.04448852,0.394,0.394,0.394,0,0,0,0.387,0.387,0.387,0,0,0
"a371_0.65_0.85_base",0,Inf,Inf,0.65,0.85,"371","0.65","0.85","base",0.157,0.08518719,0.04448852,0.394,0.394,0.394,0,0,0,0.387,0.387,0.387,0,0,0
"a372_0.7_0.85_base",0,Inf,Inf,0.7,0.85,"372","0.7","0.85","base",0.157,0.08518719,0.04448852,0.394,0.394,0.394,0,0,0,0.387,0.387,0.387,0,0,0
"a373_0.75_0.85_base",0,Inf,Inf,0.75,0.85,"373","0.75","0.85","base",0.157,0.08518719,0.04448852,0.394,0.394,0.394,0,0,0,0.387,0.387,0.387,0,0,0
"a374_0.8_0.85_base",0,Inf,Inf,0.8,0.85,"374","0.8","0.85","base",0.157,0.08518719,0.04448852,0.394,0.394,0.394,0,0,0,0.387,0.387,0.387,0,0,0
"a375_0.85_0.85_base",0,Inf,Inf,0.85,0.85,"375","0.85","0.85","base",0.157,0.08518719,0.04448852,0.394,0.394,0.394,0,0,0,0.387,0.387,0.387,0,0,0
"a376_0.9_0.85_base",0,Inf,Inf,0.9,0.85,"376","0.9","0.85","base",0.157,0.08518719,0.04448852,0.394,0.394,0.394,0,0,0,0.387,0.387,0.387,0,0,0
"a377_0.95_0.85_base",0,Inf,Inf,0.95,0.85,"377","0.95","0.85","base",0.157,0.08518719,0.04448852,0.394,0.394,0.394,0,0,0,0.387,0.387,0.387,0,0,0
"a378_1_0.85_base",0,Inf,Inf,1,0.85,"378","1","0.85","base",0.157,0.08518719,0.04448852,0.394,0.394,0.394,0,0,0,0.387,0.387,0.387,0,0,0
"a379_0_0.9_base",0,Inf,Inf,0,0.9,"379","0","0.9","base",0.157,0.08518719,0.04448852,0.394,0.394,0.394,0,0,0,0.387,0.387,0.387,0,0,0
"a380_0.05_0.9_base",0,Inf,Inf,0.05,0.9,"380","0.05","0.9","base",0.157,0.08518719,0.04448852,0.394,0.394,0.394,0,0,0,0.387,0.387,0.387,0,0,0
"a381_0.1_0.9_base",0,Inf,Inf,0.1,0.9,"381","0.1","0.9","base",0.157,0.08518719,0.04448852,0.394,0.394,0.394,0,0,0,0.387,0.387,0.387,0,0,0
"a382_0.15_0.9_base",0,Inf,Inf,0.15,0.9,"382","0.15","0.9","base",0.157,0.08518719,0.04448852,0.394,0.394,0.394,0,0,0,0.387,0.387,0.387,0,0,0
"a383_0.2_0.9_base",0,Inf,Inf,0.2,0.9,"383","0.2","0.9","base",0.157,0.08518719,0.04448852,0.394,0.394,0.394,0,0,0,0.387,0.387,0.387,0,0,0
"a384_0.25_0.9_base",0,Inf,Inf,0.25,0.9,"384","0.25","0.9","base",0.157,0.08518719,0.04448852,0.394,0.394,0.394,0,0,0,0.387,0.387,0.387,0,0,0
"a385_0.3_0.9_base",0,Inf,Inf,0.3,0.9,"385","0.3","0.9","base",0.157,0.08518719,0.04448852,0.394,0.394,0.394,0,0,0,0.387,0.387,0.387,0,0,0
"a386_0.35_0.9_base",0,Inf,Inf,0.35,0.9,"386","0.35","0.9","base",0.157,0.08518719,0.04448852,0.394,0.394,0.394,0,0,0,0.387,0.387,0.387,0,0,0
"a387_0.4_0.9_base",0,Inf,Inf,0.4,0.9,"387","0.4","0.9","base",0.157,0.08518719,0.04448852,0.394,0.394,0.394,0,0,0,0.387,0.387,0.387,0,0,0
"a388_0.45_0.9_base",0,Inf,Inf,0.45,0.9,"388","0.45","0.9","base",0.157,0.08518719,0.04448852,0.394,0.394,0.394,0,0,0,0.387,0.387,0.387,0,0,0
"a389_0.5_0.9_base",0,Inf,Inf,0.5,0.9,"389","0.5","0.9","base",0.157,0.08518719,0.04448852,0.394,0.394,0.394,0,0,0,0.387,0.387,0.387,0,0,0
"a390_0.55_0.9_base",0,Inf,Inf,0.55,0.9,"390","0.55","0.9","base",0.157,0.08518719,0.04448852,0.394,0.394,0.394,0,0,0,0.387,0.387,0.387,0,0,0
"a391_0.6_0.9_base",0,Inf,Inf,0.6,0.9,"391","0.6","0.9","base",0.157,0.08518719,0.04448852,0.394,0.394,0.394,0,0,0,0.387,0.387,0.387,0,0,0
"a392_0.65_0.9_base",0,Inf,Inf,0.65,0.9,"392","0.65","0.9","base",0.157,0.08518719,0.04448852,0.394,0.394,0.394,0,0,0,0.387,0.387,0.387,0,0,0
"a393_0.7_0.9_base",0,Inf,Inf,0.7,0.9,"393","0.7","0.9","base",0.157,0.08518719,0.04448852,0.394,0.394,0.394,0,0,0,0.387,0.387,0.387,0,0,0
"a394_0.75_0.9_base",0,Inf,Inf,0.75,0.9,"394","0.75","0.9","base",0.157,0.08518719,0.04448852,0.394,0.394,0.394,0,0,0,0.387,0.387,0.387,0,0,0
"a395_0.8_0.9_base",0,Inf,Inf,0.8,0.9,"395","0.8","0.9","base",0.157,0.08518719,0.04448852,0.394,0.394,0.394,0,0,0,0.387,0.387,0.387,0,0,0
"a396_0.85_0.9_base",0,Inf,Inf,0.85,0.9,"396","0.85","0.9","base",0.157,0.08518719,0.04448852,0.394,0.394,0.394,0,0,0,0.387,0.387,0.387,0,0,0
"a397_0.9_0.9_base",0,Inf,Inf,0.9,0.9,"397","0.9","0.9","base",0.157,0.08518719,0.04448852,0.394,0.394,0.394,0,0,0,0.387,0.387,0.387,0,0,0
"a398_0.95_0.9_base",0,Inf,Inf,0.95,0.9,"398","0.95","0.9","base",0.157,0.08518719,0.04448852,0.394,0.394,0.394,0,0,0,0.387,0.387,0.387,0,0,0
"a399_1_0.9_base",0,Inf,Inf,1,0.9,"399","1","0.9","base",0.157,0.08518719,0.04448852,0.394,0.394,0.394,0,0,0,0.387,0.387,0.387,0,0,0
"a400_0_0.95_base",0,Inf,Inf,0,0.95,"400","0","0.95","base",0.157,0.08518719,0.04448852,0.394,0.394,0.394,0,0,0,0.387,0.387,0.387,0,0,0
"a401_0.05_0.95_base",0,Inf,Inf,0.05,0.95,"401","0.05","0.95","base",0.157,0.08518719,0.04448852,0.394,0.394,0.394,0,0,0,0.387,0.387,0.387,0,0,0
"a402_0.1_0.95_base",0,Inf,Inf,0.1,0.95,"402","0.1","0.95","base",0.157,0.08518719,0.04448852,0.394,0.394,0.394,0,0,0,0.387,0.387,0.387,0,0,0
"a403_0.15_0.95_base",0,Inf,Inf,0.15,0.95,"403","0.15","0.95","base",0.157,0.08518719,0.04448852,0.394,0.394,0.394,0,0,0,0.387,0.387,0.387,0,0,0
"a404_0.2_0.95_base",0,Inf,Inf,0.2,0.95,"404","0.2","0.95","base",0.157,0.08518719,0.04448852,0.394,0.394,0.394,0,0,0,0.387,0.387,0.387,0,0,0
"a405_0.25_0.95_base",0,Inf,Inf,0.25,0.95,"405","0.25","0.95","base",0.157,0.08518719,0.04448852,0.394,0.394,0.394,0,0,0,0.387,0.387,0.387,0,0,0
"a406_0.3_0.95_base",0,Inf,Inf,0.3,0.95,"406","0.3","0.95","base",0.157,0.08518719,0.04448852,0.394,0.394,0.394,0,0,0,0.387,0.387,0.387,0,0,0
"a407_0.35_0.95_base",0,Inf,Inf,0.35,0.95,"407","0.35","0.95","base",0.157,0.08518719,0.04448852,0.394,0.394,0.394,0,0,0,0.387,0.387,0.387,0,0,0
"a408_0.4_0.95_base",0,Inf,Inf,0.4,0.95,"408","0.4","0.95","base",0.157,0.08518719,0.04448852,0.394,0.394,0.394,0,0,0,0.387,0.387,0.387,0,0,0
"a409_0.45_0.95_base",0,Inf,Inf,0.45,0.95,"409","0.45","0.95","base",0.157,0.08518719,0.04448852,0.394,0.394,0.394,0,0,0,0.387,0.387,0.387,0,0,0
"a410_0.5_0.95_base",0,Inf,Inf,0.5,0.95,"410","0.5","0.95","base",0.157,0.08518719,0.04448852,0.394,0.394,0.394,0,0,0,0.387,0.387,0.387,0,0,0
"a411_0.55_0.95_base",0,Inf,Inf,0.55,0.95,"411","0.55","0.95","base",0.157,0.08518719,0.04448852,0.394,0.394,0.394,0,0,0,0.387,0.387,0.387,0,0,0
"a412_0.6_0.95_base",0,Inf,Inf,0.6,0.95,"412","0.6","0.95","base",0.157,0.08518719,0.04448852,0.394,0.394,0.394,0,0,0,0.387,0.387,0.387,0,0,0
"a413_0.65_0.95_base",0,Inf,Inf,0.65,0.95,"413","0.65","0.95","base",0.157,0.08518719,0.04448852,0.394,0.394,0.394,0,0,0,0.387,0.387,0.387,0,0,0
"a414_0.7_0.95_base",0,Inf,Inf,0.7,0.95,"414","0.7","0.95","base",0.157,0.08518719,0.04448852,0.394,0.394,0.394,0,0,0,0.387,0.387,0.387,0,0,0
"a415_0.75_0.95_base",0,Inf,Inf,0.75,0.95,"415","0.75","0.95","base",0.157,0.08518719,0.04448852,0.394,0.394,0.394,0,0,0,0.387,0.387,0.387,0,0,0
"a416_0.8_0.95_base",0,Inf,Inf,0.8,0.95,"416","0.8","0.95","base",0.157,0.08518719,0.04448852,0.394,0.394,0.394,0,0,0,0.387,0.387,0.387,0,0,0
"a417_0.85_0.95_base",0,Inf,Inf,0.85,0.95,"417","0.85","0.95","base",0.157,0.08518719,0.04448852,0.394,0.394,0.394,0,0,0,0.387,0.387,0.387,0,0,0
"a418_0.9_0.95_base",0,Inf,Inf,0.9,0.95,"418","0.9","0.95","base",0.157,0.08518719,0.04448852,0.394,0.394,0.394,0,0,0,0.387,0.387,0.387,0,0,0
"a419_0.95_0.95_base",0,Inf,Inf,0.95,0.95,"419","0.95","0.95","base",0.157,0.08518719,0.04448852,0.394,0.394,0.394,0,0,0,0.387,0.387,0.387,0,0,0
"a420_1_0.95_base",0,Inf,Inf,1,0.95,"420","1","0.95","base",0.157,0.08518719,0.04448852,0.394,0.394,0.394,0,0,0,0.387,0.387,0.387,0,0,0
"a421_0_1_base",0,Inf,Inf,0,1,"421","0","1","base",0.157,0.08518719,0.04448852,0.394,0.394,0.394,0,0,0,0.387,0.387,0.387,0,0,0
"a422_0.05_1_base",0,Inf,Inf,0.05,1,"422","0.05","1","base",0.157,0.08518719,0.04448852,0.394,0.394,0.394,0,0,0,0.387,0.387,0.387,0,0,0
"a423_0.1_1_base",0,Inf,Inf,0.1,1,"423","0.1","1","base",0.157,0.08518719,0.04448852,0.394,0.394,0.394,0,0,0,0.387,0.387,0.387,0,0,0
"a424_0.15_1_base",0,Inf,Inf,0.15,1,"424","0.15","1","base",0.157,0.08518719,0.04448852,0.394,0.394,0.394,0,0,0,0.387,0.387,0.387,0,0,0
"a425_0.2_1_base",0,Inf,Inf,0.2,1,"425","0.2","1","base",0.157,0.08518719,0.04448852,0.394,0.394,0.394,0,0,0,0.387,0.387,0.387,0,0,0
"a426_0.25_1_base",0,Inf,Inf,0.25,1,"426","0.25","1","base",0.157,0.08518719,0.04448852,0.394,0.394,0.394,0,0,0,0.387,0.387,0.387,0,0,0
"a427_0.3_1_base",0,Inf,Inf,0.3,1,"427","0.3","1","base",0.157,0.08518719,0.04448852,0.394,0.394,0.394,0,0,0,0.387,0.387,0.387,0,0,0
"a428_0.35_1_base",0,Inf,Inf,0.35,1,"428","0.35","1","base",0.157,0.08518719,0.04448852,0.394,0.394,0.394,0,0,0,0.387,0.387,0.387,0,0,0
"a429_0.4_1_base",0,Inf,Inf,0.4,1,"429","0.4","1","base",0.157,0.08518719,0.04448852,0.394,0.394,0.394,0,0,0,0.387,0.387,0.387,0,0,0
"a430_0.45_1_base",0,Inf,Inf,0.45,1,"430","0.45","1","base",0.157,0.08518719,0.04448852,0.394,0.394,0.394,0,0,0,0.387,0.387,0.387,0,0,0
"a431_0.5_1_base",0,Inf,Inf,0.5,1,"431","0.5","1","base",0.157,0.08518719,0.04448852,0.394,0.394,0.394,0,0,0,0.387,0.387,0.387,0,0,0
"a432_0.55_1_base",0,Inf,Inf,0.55,1,"432","0.55","1","base",0.157,0.08518719,0.04448852,0.394,0.394,0.394,0,0,0,0.387,0.387,0.387,0,0,0
"a433_0.6_1_base",0,Inf,Inf,0.6,1,"433","0.6","1","base",0.157,0.08518719,0.04448852,0.394,0.394,0.394,0,0,0,0.387,0.387,0.387,0,0,0
"a434_0.65_1_base",0,Inf,Inf,0.65,1,"434","0.65","1","base",0.157,0.08518719,0.04448852,0.394,0.394,0.394,0,0,0,0.387,0.387,0.387,0,0,0
"a435_0.7_1_base",0,Inf,Inf,0.7,1,"435","0.7","1","base",0.157,0.08518719,0.04448852,0.394,0.394,0.394,0,0,0,0.387,0.387,0.387,0,0,0
"a436_0.75_1_base",0,Inf,Inf,0.75,1,"436","0.75","1","base",0.157,0.08518719,0.04448852,0.394,0.394,0.394,0,0,0,0.387,0.387,0.387,0,0,0
"a437_0.8_1_base",0,Inf,Inf,0.8,1,"437","0.8","1","base",0.157,0.08518719,0.04448852,0.394,0.394,0.394,0,0,0,0.387,0.387,0.387,0,0,0
"a438_0.85_1_base",0,Inf,Inf,0.85,1,"438","0.85","1","base",0.157,0.08518719,0.04448852,0.394,0.394,0.394,0,0,0,0.387,0.387,0.387,0,0,0
"a439_0.9_1_base",0,Inf,Inf,0.9,1,"439","0.9","1","base",0.157,0.08518719,0.04448852,0.394,0.394,0.394,0,0,0,0.387,0.387,0.387,0,0,0
"a440_0.95_1_base",0,Inf,Inf,0.95,1,"440","0.95","1","base",0.157,0.08518719,0.04448852,0.394,0.394,0.394,0,0,0,0.387,0.387,0.387,0,0,0
"a441_1_1_base",0,Inf,Inf,1,1,"441","1","1","base",0.157,0.08518719,0.04448852,0.394,0.394,0.394,0,0,0,0.387,0.387,0.387,0,0,0
