".scenario.id",".at","prevpos.retest.start","second.genps.start","part.index.prob","part.ppindex.prob","part.ident.main.prob","part.ident.casl.prob","part.ident.ooff.prob","part.hiv.test.rate_1","part.hiv.test.rate_2","part.hiv.test.rate_3","part.prep.start.prob_1","part.prep.start.prob_2","part.prep.start.prob_3","part.tx.init.rate_1","part.tx.init.rate_2","part.tx.init.rate_3","part.tx.reinit.rate_1","part.tx.reinit.rate_2","part.tx.reinit.rate_3","prevpos.tx.reinit.rate_1","prevpos.tx.reinit.rate_2","prevpos.tx.reinit.rate_3"
"b114_0.571_0.5_max",3901,3901,Inf,0.571,0.571,0.5,0.5,0.5,1,1,1,1,1,1,1,1,1,1,1,1,0,0,0
"b115_0.643_0.5_max",3901,3901,Inf,0.643,0.643,0.5,0.5,0.5,1,1,1,1,1,1,1,1,1,1,1,1,0,0,0
"b116_0.714_0.5_max",3901,3901,Inf,0.714,0.714,0.5,0.5,0.5,1,1,1,1,1,1,1,1,1,1,1,1,0,0,0
"b117_0.786_0.5_max",3901,3901,Inf,0.786,0.786,0.5,0.5,0.5,1,1,1,1,1,1,1,1,1,1,1,1,0,0,0
"b118_0.857_0.5_max",3901,3901,Inf,0.857,0.857,0.5,0.5,0.5,1,1,1,1,1,1,1,1,1,1,1,1,0,0,0
"b119_0.929_0.5_max",3901,3901,Inf,0.929,0.929,0.5,0.5,0.5,1,1,1,1,1,1,1,1,1,1,1,1,0,0,0
"b120_1_0.5_max",3901,3901,Inf,1,1,0.5,0.5,0.5,1,1,1,1,1,1,1,1,1,1,1,1,0,0,0
"b121_0_0.571_max",3901,3901,Inf,0,0,0.571,0.571,0.571,1,1,1,1,1,1,1,1,1,1,1,1,0,0,0
"b122_0.071_0.571_max",3901,3901,Inf,0.071,0.071,0.571,0.571,0.571,1,1,1,1,1,1,1,1,1,1,1,1,0,0,0
"b123_0.143_0.571_max",3901,3901,Inf,0.143,0.143,0.571,0.571,0.571,1,1,1,1,1,1,1,1,1,1,1,1,0,0,0
"b124_0.214_0.571_max",3901,3901,Inf,0.214,0.214,0.571,0.571,0.571,1,1,1,1,1,1,1,1,1,1,1,1,0,0,0
"b125_0.286_0.571_max",3901,3901,Inf,0.286,0.286,0.571,0.571,0.571,1,1,1,1,1,1,1,1,1,1,1,1,0,0,0
"b126_0.357_0.571_max",3901,3901,Inf,0.357,0.357,0.571,0.571,0.571,1,1,1,1,1,1,1,1,1,1,1,1,0,0,0
"b127_0.429_0.571_max",3901,3901,Inf,0.429,0.429,0.571,0.571,0.571,1,1,1,1,1,1,1,1,1,1,1,1,0,0,0
"b128_0.5_0.571_max",3901,3901,Inf,0.5,0.5,0.571,0.571,0.571,1,1,1,1,1,1,1,1,1,1,1,1,0,0,0
"b129_0.571_0.571_max",3901,3901,Inf,0.571,0.571,0.571,0.571,0.571,1,1,1,1,1,1,1,1,1,1,1,1,0,0,0
"b130_0.643_0.571_max",3901,3901,Inf,0.643,0.643,0.571,0.571,0.571,1,1,1,1,1,1,1,1,1,1,1,1,0,0,0
"b131_0.714_0.571_max",3901,3901,Inf,0.714,0.714,0.571,0.571,0.571,1,1,1,1,1,1,1,1,1,1,1,1,0,0,0
"b132_0.786_0.571_max",3901,3901,Inf,0.786,0.786,0.571,0.571,0.571,1,1,1,1,1,1,1,1,1,1,1,1,0,0,0
"b133_0.857_0.571_max",3901,3901,Inf,0.857,0.857,0.571,0.571,0.571,1,1,1,1,1,1,1,1,1,1,1,1,0,0,0
"b134_0.929_0.571_max",3901,3901,Inf,0.929,0.929,0.571,0.571,0.571,1,1,1,1,1,1,1,1,1,1,1,1,0,0,0
"b135_1_0.571_max",3901,3901,Inf,1,1,0.571,0.571,0.571,1,1,1,1,1,1,1,1,1,1,1,1,0,0,0
"b136_0_0.643_max",3901,3901,Inf,0,0,0.643,0.643,0.643,1,1,1,1,1,1,1,1,1,1,1,1,0,0,0
"b137_0.071_0.643_max",3901,3901,Inf,0.071,0.071,0.643,0.643,0.643,1,1,1,1,1,1,1,1,1,1,1,1,0,0,0
"b138_0.143_0.643_max",3901,3901,Inf,0.143,0.143,0.643,0.643,0.643,1,1,1,1,1,1,1,1,1,1,1,1,0,0,0
"b139_0.214_0.643_max",3901,3901,Inf,0.214,0.214,0.643,0.643,0.643,1,1,1,1,1,1,1,1,1,1,1,1,0,0,0
"b140_0.286_0.643_max",3901,3901,Inf,0.286,0.286,0.643,0.643,0.643,1,1,1,1,1,1,1,1,1,1,1,1,0,0,0
"b141_0.357_0.643_max",3901,3901,Inf,0.357,0.357,0.643,0.643,0.643,1,1,1,1,1,1,1,1,1,1,1,1,0,0,0
"b142_0.429_0.643_max",3901,3901,Inf,0.429,0.429,0.643,0.643,0.643,1,1,1,1,1,1,1,1,1,1,1,1,0,0,0
"b143_0.5_0.643_max",3901,3901,Inf,0.5,0.5,0.643,0.643,0.643,1,1,1,1,1,1,1,1,1,1,1,1,0,0,0
"b144_0.571_0.643_max",3901,3901,Inf,0.571,0.571,0.643,0.643,0.643,1,1,1,1,1,1,1,1,1,1,1,1,0,0,0
"b145_0.643_0.643_max",3901,3901,Inf,0.643,0.643,0.643,0.643,0.643,1,1,1,1,1,1,1,1,1,1,1,1,0,0,0
"b146_0.714_0.643_max",3901,3901,Inf,0.714,0.714,0.643,0.643,0.643,1,1,1,1,1,1,1,1,1,1,1,1,0,0,0
"b147_0.786_0.643_max",3901,3901,Inf,0.786,0.786,0.643,0.643,0.643,1,1,1,1,1,1,1,1,1,1,1,1,0,0,0
"b148_0.857_0.643_max",3901,3901,Inf,0.857,0.857,0.643,0.643,0.643,1,1,1,1,1,1,1,1,1,1,1,1,0,0,0
"b149_0.929_0.643_max",3901,3901,Inf,0.929,0.929,0.643,0.643,0.643,1,1,1,1,1,1,1,1,1,1,1,1,0,0,0
"b150_1_0.643_max",3901,3901,Inf,1,1,0.643,0.643,0.643,1,1,1,1,1,1,1,1,1,1,1,1,0,0,0
"b151_0_0.714_max",3901,3901,Inf,0,0,0.714,0.714,0.714,1,1,1,1,1,1,1,1,1,1,1,1,0,0,0
"b152_0.071_0.714_max",3901,3901,Inf,0.071,0.071,0.714,0.714,0.714,1,1,1,1,1,1,1,1,1,1,1,1,0,0,0
"b153_0.143_0.714_max",3901,3901,Inf,0.143,0.143,0.714,0.714,0.714,1,1,1,1,1,1,1,1,1,1,1,1,0,0,0
"b154_0.214_0.714_max",3901,3901,Inf,0.214,0.214,0.714,0.714,0.714,1,1,1,1,1,1,1,1,1,1,1,1,0,0,0
"b155_0.286_0.714_max",3901,3901,Inf,0.286,0.286,0.714,0.714,0.714,1,1,1,1,1,1,1,1,1,1,1,1,0,0,0
"b156_0.357_0.714_max",3901,3901,Inf,0.357,0.357,0.714,0.714,0.714,1,1,1,1,1,1,1,1,1,1,1,1,0,0,0
"b157_0.429_0.714_max",3901,3901,Inf,0.429,0.429,0.714,0.714,0.714,1,1,1,1,1,1,1,1,1,1,1,1,0,0,0
"b158_0.5_0.714_max",3901,3901,Inf,0.5,0.5,0.714,0.714,0.714,1,1,1,1,1,1,1,1,1,1,1,1,0,0,0
"b159_0.571_0.714_max",3901,3901,Inf,0.571,0.571,0.714,0.714,0.714,1,1,1,1,1,1,1,1,1,1,1,1,0,0,0
"b160_0.643_0.714_max",3901,3901,Inf,0.643,0.643,0.714,0.714,0.714,1,1,1,1,1,1,1,1,1,1,1,1,0,0,0
"b161_0.714_0.714_max",3901,3901,Inf,0.714,0.714,0.714,0.714,0.714,1,1,1,1,1,1,1,1,1,1,1,1,0,0,0
"b162_0.786_0.714_max",3901,3901,Inf,0.786,0.786,0.714,0.714,0.714,1,1,1,1,1,1,1,1,1,1,1,1,0,0,0
"b163_0.857_0.714_max",3901,3901,Inf,0.857,0.857,0.714,0.714,0.714,1,1,1,1,1,1,1,1,1,1,1,1,0,0,0
"b164_0.929_0.714_max",3901,3901,Inf,0.929,0.929,0.714,0.714,0.714,1,1,1,1,1,1,1,1,1,1,1,1,0,0,0
"b165_1_0.714_max",3901,3901,Inf,1,1,0.714,0.714,0.714,1,1,1,1,1,1,1,1,1,1,1,1,0,0,0
"b166_0_0.786_max",3901,3901,Inf,0,0,0.786,0.786,0.786,1,1,1,1,1,1,1,1,1,1,1,1,0,0,0
"b167_0.071_0.786_max",3901,3901,Inf,0.071,0.071,0.786,0.786,0.786,1,1,1,1,1,1,1,1,1,1,1,1,0,0,0
"b168_0.143_0.786_max",3901,3901,Inf,0.143,0.143,0.786,0.786,0.786,1,1,1,1,1,1,1,1,1,1,1,1,0,0,0
"b169_0.214_0.786_max",3901,3901,Inf,0.214,0.214,0.786,0.786,0.786,1,1,1,1,1,1,1,1,1,1,1,1,0,0,0
"b170_0.286_0.786_max",3901,3901,Inf,0.286,0.286,0.786,0.786,0.786,1,1,1,1,1,1,1,1,1,1,1,1,0,0,0
"b171_0.357_0.786_max",3901,3901,Inf,0.357,0.357,0.786,0.786,0.786,1,1,1,1,1,1,1,1,1,1,1,1,0,0,0
"b172_0.429_0.786_max",3901,3901,Inf,0.429,0.429,0.786,0.786,0.786,1,1,1,1,1,1,1,1,1,1,1,1,0,0,0
"b173_0.5_0.786_max",3901,3901,Inf,0.5,0.5,0.786,0.786,0.786,1,1,1,1,1,1,1,1,1,1,1,1,0,0,0
"b174_0.571_0.786_max",3901,3901,Inf,0.571,0.571,0.786,0.786,0.786,1,1,1,1,1,1,1,1,1,1,1,1,0,0,0
"b175_0.643_0.786_max",3901,3901,Inf,0.643,0.643,0.786,0.786,0.786,1,1,1,1,1,1,1,1,1,1,1,1,0,0,0
"b176_0.714_0.786_max",3901,3901,Inf,0.714,0.714,0.786,0.786,0.786,1,1,1,1,1,1,1,1,1,1,1,1,0,0,0
"b177_0.786_0.786_max",3901,3901,Inf,0.786,0.786,0.786,0.786,0.786,1,1,1,1,1,1,1,1,1,1,1,1,0,0,0
"b178_0.857_0.786_max",3901,3901,Inf,0.857,0.857,0.786,0.786,0.786,1,1,1,1,1,1,1,1,1,1,1,1,0,0,0
"b179_0.929_0.786_max",3901,3901,Inf,0.929,0.929,0.786,0.786,0.786,1,1,1,1,1,1,1,1,1,1,1,1,0,0,0
"b180_1_0.786_max",3901,3901,Inf,1,1,0.786,0.786,0.786,1,1,1,1,1,1,1,1,1,1,1,1,0,0,0
"b181_0_0.857_max",3901,3901,Inf,0,0,0.857,0.857,0.857,1,1,1,1,1,1,1,1,1,1,1,1,0,0,0
"b182_0.071_0.857_max",3901,3901,Inf,0.071,0.071,0.857,0.857,0.857,1,1,1,1,1,1,1,1,1,1,1,1,0,0,0
"b183_0.143_0.857_max",3901,3901,Inf,0.143,0.143,0.857,0.857,0.857,1,1,1,1,1,1,1,1,1,1,1,1,0,0,0
"b184_0.214_0.857_max",3901,3901,Inf,0.214,0.214,0.857,0.857,0.857,1,1,1,1,1,1,1,1,1,1,1,1,0,0,0
"b185_0.286_0.857_max",3901,3901,Inf,0.286,0.286,0.857,0.857,0.857,1,1,1,1,1,1,1,1,1,1,1,1,0,0,0
"b186_0.357_0.857_max",3901,3901,Inf,0.357,0.357,0.857,0.857,0.857,1,1,1,1,1,1,1,1,1,1,1,1,0,0,0
"b187_0.429_0.857_max",3901,3901,Inf,0.429,0.429,0.857,0.857,0.857,1,1,1,1,1,1,1,1,1,1,1,1,0,0,0
"b188_0.5_0.857_max",3901,3901,Inf,0.5,0.5,0.857,0.857,0.857,1,1,1,1,1,1,1,1,1,1,1,1,0,0,0
"b189_0.571_0.857_max",3901,3901,Inf,0.571,0.571,0.857,0.857,0.857,1,1,1,1,1,1,1,1,1,1,1,1,0,0,0
"b190_0.643_0.857_max",3901,3901,Inf,0.643,0.643,0.857,0.857,0.857,1,1,1,1,1,1,1,1,1,1,1,1,0,0,0
"b191_0.714_0.857_max",3901,3901,Inf,0.714,0.714,0.857,0.857,0.857,1,1,1,1,1,1,1,1,1,1,1,1,0,0,0
"b192_0.786_0.857_max",3901,3901,Inf,0.786,0.786,0.857,0.857,0.857,1,1,1,1,1,1,1,1,1,1,1,1,0,0,0
"b193_0.857_0.857_max",3901,3901,Inf,0.857,0.857,0.857,0.857,0.857,1,1,1,1,1,1,1,1,1,1,1,1,0,0,0
"b194_0.929_0.857_max",3901,3901,Inf,0.929,0.929,0.857,0.857,0.857,1,1,1,1,1,1,1,1,1,1,1,1,0,0,0
"b195_1_0.857_max",3901,3901,Inf,1,1,0.857,0.857,0.857,1,1,1,1,1,1,1,1,1,1,1,1,0,0,0
"b196_0_0.929_max",3901,3901,Inf,0,0,0.929,0.929,0.929,1,1,1,1,1,1,1,1,1,1,1,1,0,0,0
"b197_0.071_0.929_max",3901,3901,Inf,0.071,0.071,0.929,0.929,0.929,1,1,1,1,1,1,1,1,1,1,1,1,0,0,0
"b198_0.143_0.929_max",3901,3901,Inf,0.143,0.143,0.929,0.929,0.929,1,1,1,1,1,1,1,1,1,1,1,1,0,0,0
"b199_0.214_0.929_max",3901,3901,Inf,0.214,0.214,0.929,0.929,0.929,1,1,1,1,1,1,1,1,1,1,1,1,0,0,0
"b200_0.286_0.929_max",3901,3901,Inf,0.286,0.286,0.929,0.929,0.929,1,1,1,1,1,1,1,1,1,1,1,1,0,0,0
"b201_0.357_0.929_max",3901,3901,Inf,0.357,0.357,0.929,0.929,0.929,1,1,1,1,1,1,1,1,1,1,1,1,0,0,0
"b202_0.429_0.929_max",3901,3901,Inf,0.429,0.429,0.929,0.929,0.929,1,1,1,1,1,1,1,1,1,1,1,1,0,0,0
"b203_0.5_0.929_max",3901,3901,Inf,0.5,0.5,0.929,0.929,0.929,1,1,1,1,1,1,1,1,1,1,1,1,0,0,0
"b204_0.571_0.929_max",3901,3901,Inf,0.571,0.571,0.929,0.929,0.929,1,1,1,1,1,1,1,1,1,1,1,1,0,0,0
"b205_0.643_0.929_max",3901,3901,Inf,0.643,0.643,0.929,0.929,0.929,1,1,1,1,1,1,1,1,1,1,1,1,0,0,0
"b206_0.714_0.929_max",3901,3901,Inf,0.714,0.714,0.929,0.929,0.929,1,1,1,1,1,1,1,1,1,1,1,1,0,0,0
"b207_0.786_0.929_max",3901,3901,Inf,0.786,0.786,0.929,0.929,0.929,1,1,1,1,1,1,1,1,1,1,1,1,0,0,0
"b208_0.857_0.929_max",3901,3901,Inf,0.857,0.857,0.929,0.929,0.929,1,1,1,1,1,1,1,1,1,1,1,1,0,0,0
"b209_0.929_0.929_max",3901,3901,Inf,0.929,0.929,0.929,0.929,0.929,1,1,1,1,1,1,1,1,1,1,1,1,0,0,0
"b210_1_0.929_max",3901,3901,Inf,1,1,0.929,0.929,0.929,1,1,1,1,1,1,1,1,1,1,1,1,0,0,0
"b211_0_1_max",3901,3901,Inf,0,0,1,1,1,1,1,1,1,1,1,1,1,1,1,1,1,0,0,0
"b212_0.071_1_max",3901,3901,Inf,0.071,0.071,1,1,1,1,1,1,1,1,1,1,1,1,1,1,1,0,0,0
"b213_0.143_1_max",3901,3901,Inf,0.143,0.143,1,1,1,1,1,1,1,1,1,1,1,1,1,1,1,0,0,0
"b214_0.214_1_max",3901,3901,Inf,0.214,0.214,1,1,1,1,1,1,1,1,1,1,1,1,1,1,1,0,0,0
"b215_0.286_1_max",3901,3901,Inf,0.286,0.286,1,1,1,1,1,1,1,1,1,1,1,1,1,1,1,0,0,0
"b216_0.357_1_max",3901,3901,Inf,0.357,0.357,1,1,1,1,1,1,1,1,1,1,1,1,1,1,1,0,0,0
"b217_0.429_1_max",3901,3901,Inf,0.429,0.429,1,1,1,1,1,1,1,1,1,1,1,1,1,1,1,0,0,0
"b218_0.5_1_max",3901,3901,Inf,0.5,0.5,1,1,1,1,1,1,1,1,1,1,1,1,1,1,1,0,0,0
"b219_0.571_1_max",3901,3901,Inf,0.571,0.571,1,1,1,1,1,1,1,1,1,1,1,1,1,1,1,0,0,0
"b220_0.643_1_max",3901,3901,Inf,0.643,0.643,1,1,1,1,1,1,1,1,1,1,1,1,1,1,1,0,0,0
"b221_0.714_1_max",3901,3901,Inf,0.714,0.714,1,1,1,1,1,1,1,1,1,1,1,1,1,1,1,0,0,0
"b222_0.786_1_max",3901,3901,Inf,0.786,0.786,1,1,1,1,1,1,1,1,1,1,1,1,1,1,1,0,0,0
"b223_0.857_1_max",3901,3901,Inf,0.857,0.857,1,1,1,1,1,1,1,1,1,1,1,1,1,1,1,0,0,0
"b224_0.929_1_max",3901,3901,Inf,0.929,0.929,1,1,1,1,1,1,1,1,1,1,1,1,1,1,1,0,0,0
"b225_1_1_max",3901,3901,Inf,1,1,1,1,1,1,1,1,1,1,1,1,1,1,1,1,1,0,0,0
