".scenario.id",".at","prevpos.retest.start","second.genps.start","part.index.prob","part.ppindex.prob","part.ident.main.prob","part.ident.casl.prob","part.ident.ooff.prob","part.hiv.test.rate_1","part.hiv.test.rate_2","part.hiv.test.rate_3","part.prep.start.prob_1","part.prep.start.prob_2","part.prep.start.prob_3","part.tx.init.rate_1","part.tx.init.rate_2","part.tx.init.rate_3","part.tx.reinit.rate_1","part.tx.reinit.rate_2","part.tx.reinit.rate_3"
"m001_0_0",0,3901,Inf,0,0,1,1,1,1,1,1,1,1,1,1,1,1,1,1,1
"m002_0.05_0",0,3901,Inf,0.05,0,1,1,1,1,1,1,1,1,1,1,1,1,1,1,1
"m003_0.1_0",0,3901,Inf,0.1,0,1,1,1,1,1,1,1,1,1,1,1,1,1,1,1
"m004_0.15_0",0,3901,Inf,0.15,0,1,1,1,1,1,1,1,1,1,1,1,1,1,1,1
"m005_0.2_0",0,3901,Inf,0.2,0,1,1,1,1,1,1,1,1,1,1,1,1,1,1,1
"m006_0.25_0",0,3901,Inf,0.25,0,1,1,1,1,1,1,1,1,1,1,1,1,1,1,1
"m007_0.3_0",0,3901,Inf,0.3,0,1,1,1,1,1,1,1,1,1,1,1,1,1,1,1
"m008_0.35_0",0,3901,Inf,0.35,0,1,1,1,1,1,1,1,1,1,1,1,1,1,1,1
"m009_0.4_0",0,3901,Inf,0.4,0,1,1,1,1,1,1,1,1,1,1,1,1,1,1,1
"m010_0.45_0",0,3901,Inf,0.45,0,1,1,1,1,1,1,1,1,1,1,1,1,1,1,1
"m011_0.5_0",0,3901,Inf,0.5,0,1,1,1,1,1,1,1,1,1,1,1,1,1,1,1
"m012_0.55_0",0,3901,Inf,0.55,0,1,1,1,1,1,1,1,1,1,1,1,1,1,1,1
"m013_0.6_0",0,3901,Inf,0.6,0,1,1,1,1,1,1,1,1,1,1,1,1,1,1,1
"m014_0.65_0",0,3901,Inf,0.65,0,1,1,1,1,1,1,1,1,1,1,1,1,1,1,1
"m015_0.7_0",0,3901,Inf,0.7,0,1,1,1,1,1,1,1,1,1,1,1,1,1,1,1
"m016_0.75_0",0,3901,Inf,0.75,0,1,1,1,1,1,1,1,1,1,1,1,1,1,1,1
"m017_0.8_0",0,3901,Inf,0.8,0,1,1,1,1,1,1,1,1,1,1,1,1,1,1,1
"m018_0.85_0",0,3901,Inf,0.85,0,1,1,1,1,1,1,1,1,1,1,1,1,1,1,1
"m019_0.9_0",0,3901,Inf,0.9,0,1,1,1,1,1,1,1,1,1,1,1,1,1,1,1
"m020_0.95_0",0,3901,Inf,0.95,0,1,1,1,1,1,1,1,1,1,1,1,1,1,1,1
"m021_1_0",0,3901,Inf,1,0,1,1,1,1,1,1,1,1,1,1,1,1,1,1,1
"m022_0_0.05",0,3901,Inf,0,0.05,1,1,1,1,1,1,1,1,1,1,1,1,1,1,1
"m023_0.05_0.05",0,3901,Inf,0.05,0.05,1,1,1,1,1,1,1,1,1,1,1,1,1,1,1
"m024_0.1_0.05",0,3901,Inf,0.1,0.05,1,1,1,1,1,1,1,1,1,1,1,1,1,1,1
"m025_0.15_0.05",0,3901,Inf,0.15,0.05,1,1,1,1,1,1,1,1,1,1,1,1,1,1,1
"m026_0.2_0.05",0,3901,Inf,0.2,0.05,1,1,1,1,1,1,1,1,1,1,1,1,1,1,1
"m027_0.25_0.05",0,3901,Inf,0.25,0.05,1,1,1,1,1,1,1,1,1,1,1,1,1,1,1
"m028_0.3_0.05",0,3901,Inf,0.3,0.05,1,1,1,1,1,1,1,1,1,1,1,1,1,1,1
"m029_0.35_0.05",0,3901,Inf,0.35,0.05,1,1,1,1,1,1,1,1,1,1,1,1,1,1,1
"m030_0.4_0.05",0,3901,Inf,0.4,0.05,1,1,1,1,1,1,1,1,1,1,1,1,1,1,1
"m031_0.45_0.05",0,3901,Inf,0.45,0.05,1,1,1,1,1,1,1,1,1,1,1,1,1,1,1
"m032_0.5_0.05",0,3901,Inf,0.5,0.05,1,1,1,1,1,1,1,1,1,1,1,1,1,1,1
"m033_0.55_0.05",0,3901,Inf,0.55,0.05,1,1,1,1,1,1,1,1,1,1,1,1,1,1,1
"m034_0.6_0.05",0,3901,Inf,0.6,0.05,1,1,1,1,1,1,1,1,1,1,1,1,1,1,1
"m035_0.65_0.05",0,3901,Inf,0.65,0.05,1,1,1,1,1,1,1,1,1,1,1,1,1,1,1
"m036_0.7_0.05",0,3901,Inf,0.7,0.05,1,1,1,1,1,1,1,1,1,1,1,1,1,1,1
"m037_0.75_0.05",0,3901,Inf,0.75,0.05,1,1,1,1,1,1,1,1,1,1,1,1,1,1,1
"m038_0.8_0.05",0,3901,Inf,0.8,0.05,1,1,1,1,1,1,1,1,1,1,1,1,1,1,1
"m039_0.85_0.05",0,3901,Inf,0.85,0.05,1,1,1,1,1,1,1,1,1,1,1,1,1,1,1
"m040_0.9_0.05",0,3901,Inf,0.9,0.05,1,1,1,1,1,1,1,1,1,1,1,1,1,1,1
"m041_0.95_0.05",0,3901,Inf,0.95,0.05,1,1,1,1,1,1,1,1,1,1,1,1,1,1,1
"m042_1_0.05",0,3901,Inf,1,0.05,1,1,1,1,1,1,1,1,1,1,1,1,1,1,1
"m043_0_0.1",0,3901,Inf,0,0.1,1,1,1,1,1,1,1,1,1,1,1,1,1,1,1
"m044_0.05_0.1",0,3901,Inf,0.05,0.1,1,1,1,1,1,1,1,1,1,1,1,1,1,1,1
"m045_0.1_0.1",0,3901,Inf,0.1,0.1,1,1,1,1,1,1,1,1,1,1,1,1,1,1,1
"m046_0.15_0.1",0,3901,Inf,0.15,0.1,1,1,1,1,1,1,1,1,1,1,1,1,1,1,1
"m047_0.2_0.1",0,3901,Inf,0.2,0.1,1,1,1,1,1,1,1,1,1,1,1,1,1,1,1
"m048_0.25_0.1",0,3901,Inf,0.25,0.1,1,1,1,1,1,1,1,1,1,1,1,1,1,1,1
"m049_0.3_0.1",0,3901,Inf,0.3,0.1,1,1,1,1,1,1,1,1,1,1,1,1,1,1,1
"m050_0.35_0.1",0,3901,Inf,0.35,0.1,1,1,1,1,1,1,1,1,1,1,1,1,1,1,1
"m051_0.4_0.1",0,3901,Inf,0.4,0.1,1,1,1,1,1,1,1,1,1,1,1,1,1,1,1
"m052_0.45_0.1",0,3901,Inf,0.45,0.1,1,1,1,1,1,1,1,1,1,1,1,1,1,1,1
"m053_0.5_0.1",0,3901,Inf,0.5,0.1,1,1,1,1,1,1,1,1,1,1,1,1,1,1,1
"m054_0.55_0.1",0,3901,Inf,0.55,0.1,1,1,1,1,1,1,1,1,1,1,1,1,1,1,1
"m055_0.6_0.1",0,3901,Inf,0.6,0.1,1,1,1,1,1,1,1,1,1,1,1,1,1,1,1
"m056_0.65_0.1",0,3901,Inf,0.65,0.1,1,1,1,1,1,1,1,1,1,1,1,1,1,1,1
"m057_0.7_0.1",0,3901,Inf,0.7,0.1,1,1,1,1,1,1,1,1,1,1,1,1,1,1,1
"m058_0.75_0.1",0,3901,Inf,0.75,0.1,1,1,1,1,1,1,1,1,1,1,1,1,1,1,1
"m059_0.8_0.1",0,3901,Inf,0.8,0.1,1,1,1,1,1,1,1,1,1,1,1,1,1,1,1
"m060_0.85_0.1",0,3901,Inf,0.85,0.1,1,1,1,1,1,1,1,1,1,1,1,1,1,1,1
"m061_0.9_0.1",0,3901,Inf,0.9,0.1,1,1,1,1,1,1,1,1,1,1,1,1,1,1,1
"m062_0.95_0.1",0,3901,Inf,0.95,0.1,1,1,1,1,1,1,1,1,1,1,1,1,1,1,1
"m063_1_0.1",0,3901,Inf,1,0.1,1,1,1,1,1,1,1,1,1,1,1,1,1,1,1
"m064_0_0.15",0,3901,Inf,0,0.15,1,1,1,1,1,1,1,1,1,1,1,1,1,1,1
"m065_0.05_0.15",0,3901,Inf,0.05,0.15,1,1,1,1,1,1,1,1,1,1,1,1,1,1,1
"m066_0.1_0.15",0,3901,Inf,0.1,0.15,1,1,1,1,1,1,1,1,1,1,1,1,1,1,1
"m067_0.15_0.15",0,3901,Inf,0.15,0.15,1,1,1,1,1,1,1,1,1,1,1,1,1,1,1
"m068_0.2_0.15",0,3901,Inf,0.2,0.15,1,1,1,1,1,1,1,1,1,1,1,1,1,1,1
"m069_0.25_0.15",0,3901,Inf,0.25,0.15,1,1,1,1,1,1,1,1,1,1,1,1,1,1,1
"m070_0.3_0.15",0,3901,Inf,0.3,0.15,1,1,1,1,1,1,1,1,1,1,1,1,1,1,1
"m071_0.35_0.15",0,3901,Inf,0.35,0.15,1,1,1,1,1,1,1,1,1,1,1,1,1,1,1
"m072_0.4_0.15",0,3901,Inf,0.4,0.15,1,1,1,1,1,1,1,1,1,1,1,1,1,1,1
"m073_0.45_0.15",0,3901,Inf,0.45,0.15,1,1,1,1,1,1,1,1,1,1,1,1,1,1,1
"m074_0.5_0.15",0,3901,Inf,0.5,0.15,1,1,1,1,1,1,1,1,1,1,1,1,1,1,1
"m075_0.55_0.15",0,3901,Inf,0.55,0.15,1,1,1,1,1,1,1,1,1,1,1,1,1,1,1
"m076_0.6_0.15",0,3901,Inf,0.6,0.15,1,1,1,1,1,1,1,1,1,1,1,1,1,1,1
"m077_0.65_0.15",0,3901,Inf,0.65,0.15,1,1,1,1,1,1,1,1,1,1,1,1,1,1,1
"m078_0.7_0.15",0,3901,Inf,0.7,0.15,1,1,1,1,1,1,1,1,1,1,1,1,1,1,1
"m079_0.75_0.15",0,3901,Inf,0.75,0.15,1,1,1,1,1,1,1,1,1,1,1,1,1,1,1
"m080_0.8_0.15",0,3901,Inf,0.8,0.15,1,1,1,1,1,1,1,1,1,1,1,1,1,1,1
"m081_0.85_0.15",0,3901,Inf,0.85,0.15,1,1,1,1,1,1,1,1,1,1,1,1,1,1,1
"m082_0.9_0.15",0,3901,Inf,0.9,0.15,1,1,1,1,1,1,1,1,1,1,1,1,1,1,1
"m083_0.95_0.15",0,3901,Inf,0.95,0.15,1,1,1,1,1,1,1,1,1,1,1,1,1,1,1
"m084_1_0.15",0,3901,Inf,1,0.15,1,1,1,1,1,1,1,1,1,1,1,1,1,1,1
"m085_0_0.2",0,3901,Inf,0,0.2,1,1,1,1,1,1,1,1,1,1,1,1,1,1,1
"m086_0.05_0.2",0,3901,Inf,0.05,0.2,1,1,1,1,1,1,1,1,1,1,1,1,1,1,1
"m087_0.1_0.2",0,3901,Inf,0.1,0.2,1,1,1,1,1,1,1,1,1,1,1,1,1,1,1
"m088_0.15_0.2",0,3901,Inf,0.15,0.2,1,1,1,1,1,1,1,1,1,1,1,1,1,1,1
"m089_0.2_0.2",0,3901,Inf,0.2,0.2,1,1,1,1,1,1,1,1,1,1,1,1,1,1,1
"m090_0.25_0.2",0,3901,Inf,0.25,0.2,1,1,1,1,1,1,1,1,1,1,1,1,1,1,1
"m091_0.3_0.2",0,3901,Inf,0.3,0.2,1,1,1,1,1,1,1,1,1,1,1,1,1,1,1
"m092_0.35_0.2",0,3901,Inf,0.35,0.2,1,1,1,1,1,1,1,1,1,1,1,1,1,1,1
"m093_0.4_0.2",0,3901,Inf,0.4,0.2,1,1,1,1,1,1,1,1,1,1,1,1,1,1,1
"m094_0.45_0.2",0,3901,Inf,0.45,0.2,1,1,1,1,1,1,1,1,1,1,1,1,1,1,1
"m095_0.5_0.2",0,3901,Inf,0.5,0.2,1,1,1,1,1,1,1,1,1,1,1,1,1,1,1
"m096_0.55_0.2",0,3901,Inf,0.55,0.2,1,1,1,1,1,1,1,1,1,1,1,1,1,1,1
"m097_0.6_0.2",0,3901,Inf,0.6,0.2,1,1,1,1,1,1,1,1,1,1,1,1,1,1,1
"m098_0.65_0.2",0,3901,Inf,0.65,0.2,1,1,1,1,1,1,1,1,1,1,1,1,1,1,1
"m099_0.7_0.2",0,3901,Inf,0.7,0.2,1,1,1,1,1,1,1,1,1,1,1,1,1,1,1
"m100_0.75_0.2",0,3901,Inf,0.75,0.2,1,1,1,1,1,1,1,1,1,1,1,1,1,1,1
"m101_0.8_0.2",0,3901,Inf,0.8,0.2,1,1,1,1,1,1,1,1,1,1,1,1,1,1,1
"m102_0.85_0.2",0,3901,Inf,0.85,0.2,1,1,1,1,1,1,1,1,1,1,1,1,1,1,1
"m103_0.9_0.2",0,3901,Inf,0.9,0.2,1,1,1,1,1,1,1,1,1,1,1,1,1,1,1
"m104_0.95_0.2",0,3901,Inf,0.95,0.2,1,1,1,1,1,1,1,1,1,1,1,1,1,1,1
"m105_1_0.2",0,3901,Inf,1,0.2,1,1,1,1,1,1,1,1,1,1,1,1,1,1,1
"m106_0_0.25",0,3901,Inf,0,0.25,1,1,1,1,1,1,1,1,1,1,1,1,1,1,1
"m107_0.05_0.25",0,3901,Inf,0.05,0.25,1,1,1,1,1,1,1,1,1,1,1,1,1,1,1
"m108_0.1_0.25",0,3901,Inf,0.1,0.25,1,1,1,1,1,1,1,1,1,1,1,1,1,1,1
"m109_0.15_0.25",0,3901,Inf,0.15,0.25,1,1,1,1,1,1,1,1,1,1,1,1,1,1,1
"m110_0.2_0.25",0,3901,Inf,0.2,0.25,1,1,1,1,1,1,1,1,1,1,1,1,1,1,1
"m111_0.25_0.25",0,3901,Inf,0.25,0.25,1,1,1,1,1,1,1,1,1,1,1,1,1,1,1
"m112_0.3_0.25",0,3901,Inf,0.3,0.25,1,1,1,1,1,1,1,1,1,1,1,1,1,1,1
"m113_0.35_0.25",0,3901,Inf,0.35,0.25,1,1,1,1,1,1,1,1,1,1,1,1,1,1,1
"m114_0.4_0.25",0,3901,Inf,0.4,0.25,1,1,1,1,1,1,1,1,1,1,1,1,1,1,1
"m115_0.45_0.25",0,3901,Inf,0.45,0.25,1,1,1,1,1,1,1,1,1,1,1,1,1,1,1
"m116_0.5_0.25",0,3901,Inf,0.5,0.25,1,1,1,1,1,1,1,1,1,1,1,1,1,1,1
"m117_0.55_0.25",0,3901,Inf,0.55,0.25,1,1,1,1,1,1,1,1,1,1,1,1,1,1,1
"m118_0.6_0.25",0,3901,Inf,0.6,0.25,1,1,1,1,1,1,1,1,1,1,1,1,1,1,1
"m119_0.65_0.25",0,3901,Inf,0.65,0.25,1,1,1,1,1,1,1,1,1,1,1,1,1,1,1
"m120_0.7_0.25",0,3901,Inf,0.7,0.25,1,1,1,1,1,1,1,1,1,1,1,1,1,1,1
"m121_0.75_0.25",0,3901,Inf,0.75,0.25,1,1,1,1,1,1,1,1,1,1,1,1,1,1,1
"m122_0.8_0.25",0,3901,Inf,0.8,0.25,1,1,1,1,1,1,1,1,1,1,1,1,1,1,1
"m123_0.85_0.25",0,3901,Inf,0.85,0.25,1,1,1,1,1,1,1,1,1,1,1,1,1,1,1
"m124_0.9_0.25",0,3901,Inf,0.9,0.25,1,1,1,1,1,1,1,1,1,1,1,1,1,1,1
"m125_0.95_0.25",0,3901,Inf,0.95,0.25,1,1,1,1,1,1,1,1,1,1,1,1,1,1,1
"m126_1_0.25",0,3901,Inf,1,0.25,1,1,1,1,1,1,1,1,1,1,1,1,1,1,1
"m127_0_0.3",0,3901,Inf,0,0.3,1,1,1,1,1,1,1,1,1,1,1,1,1,1,1
"m128_0.05_0.3",0,3901,Inf,0.05,0.3,1,1,1,1,1,1,1,1,1,1,1,1,1,1,1
"m129_0.1_0.3",0,3901,Inf,0.1,0.3,1,1,1,1,1,1,1,1,1,1,1,1,1,1,1
"m130_0.15_0.3",0,3901,Inf,0.15,0.3,1,1,1,1,1,1,1,1,1,1,1,1,1,1,1
"m131_0.2_0.3",0,3901,Inf,0.2,0.3,1,1,1,1,1,1,1,1,1,1,1,1,1,1,1
"m132_0.25_0.3",0,3901,Inf,0.25,0.3,1,1,1,1,1,1,1,1,1,1,1,1,1,1,1
"m133_0.3_0.3",0,3901,Inf,0.3,0.3,1,1,1,1,1,1,1,1,1,1,1,1,1,1,1
"m134_0.35_0.3",0,3901,Inf,0.35,0.3,1,1,1,1,1,1,1,1,1,1,1,1,1,1,1
"m135_0.4_0.3",0,3901,Inf,0.4,0.3,1,1,1,1,1,1,1,1,1,1,1,1,1,1,1
"m136_0.45_0.3",0,3901,Inf,0.45,0.3,1,1,1,1,1,1,1,1,1,1,1,1,1,1,1
"m137_0.5_0.3",0,3901,Inf,0.5,0.3,1,1,1,1,1,1,1,1,1,1,1,1,1,1,1
"m138_0.55_0.3",0,3901,Inf,0.55,0.3,1,1,1,1,1,1,1,1,1,1,1,1,1,1,1
"m139_0.6_0.3",0,3901,Inf,0.6,0.3,1,1,1,1,1,1,1,1,1,1,1,1,1,1,1
"m140_0.65_0.3",0,3901,Inf,0.65,0.3,1,1,1,1,1,1,1,1,1,1,1,1,1,1,1
"m141_0.7_0.3",0,3901,Inf,0.7,0.3,1,1,1,1,1,1,1,1,1,1,1,1,1,1,1
"m142_0.75_0.3",0,3901,Inf,0.75,0.3,1,1,1,1,1,1,1,1,1,1,1,1,1,1,1
"m143_0.8_0.3",0,3901,Inf,0.8,0.3,1,1,1,1,1,1,1,1,1,1,1,1,1,1,1
"m144_0.85_0.3",0,3901,Inf,0.85,0.3,1,1,1,1,1,1,1,1,1,1,1,1,1,1,1
"m145_0.9_0.3",0,3901,Inf,0.9,0.3,1,1,1,1,1,1,1,1,1,1,1,1,1,1,1
"m146_0.95_0.3",0,3901,Inf,0.95,0.3,1,1,1,1,1,1,1,1,1,1,1,1,1,1,1
"m147_1_0.3",0,3901,Inf,1,0.3,1,1,1,1,1,1,1,1,1,1,1,1,1,1,1
"m148_0_0.35",0,3901,Inf,0,0.35,1,1,1,1,1,1,1,1,1,1,1,1,1,1,1
"m149_0.05_0.35",0,3901,Inf,0.05,0.35,1,1,1,1,1,1,1,1,1,1,1,1,1,1,1
"m150_0.1_0.35",0,3901,Inf,0.1,0.35,1,1,1,1,1,1,1,1,1,1,1,1,1,1,1
"m151_0.15_0.35",0,3901,Inf,0.15,0.35,1,1,1,1,1,1,1,1,1,1,1,1,1,1,1
"m152_0.2_0.35",0,3901,Inf,0.2,0.35,1,1,1,1,1,1,1,1,1,1,1,1,1,1,1
"m153_0.25_0.35",0,3901,Inf,0.25,0.35,1,1,1,1,1,1,1,1,1,1,1,1,1,1,1
"m154_0.3_0.35",0,3901,Inf,0.3,0.35,1,1,1,1,1,1,1,1,1,1,1,1,1,1,1
"m155_0.35_0.35",0,3901,Inf,0.35,0.35,1,1,1,1,1,1,1,1,1,1,1,1,1,1,1
"m156_0.4_0.35",0,3901,Inf,0.4,0.35,1,1,1,1,1,1,1,1,1,1,1,1,1,1,1
"m157_0.45_0.35",0,3901,Inf,0.45,0.35,1,1,1,1,1,1,1,1,1,1,1,1,1,1,1
"m158_0.5_0.35",0,3901,Inf,0.5,0.35,1,1,1,1,1,1,1,1,1,1,1,1,1,1,1
"m159_0.55_0.35",0,3901,Inf,0.55,0.35,1,1,1,1,1,1,1,1,1,1,1,1,1,1,1
"m160_0.6_0.35",0,3901,Inf,0.6,0.35,1,1,1,1,1,1,1,1,1,1,1,1,1,1,1
"m161_0.65_0.35",0,3901,Inf,0.65,0.35,1,1,1,1,1,1,1,1,1,1,1,1,1,1,1
"m162_0.7_0.35",0,3901,Inf,0.7,0.35,1,1,1,1,1,1,1,1,1,1,1,1,1,1,1
"m163_0.75_0.35",0,3901,Inf,0.75,0.35,1,1,1,1,1,1,1,1,1,1,1,1,1,1,1
"m164_0.8_0.35",0,3901,Inf,0.8,0.35,1,1,1,1,1,1,1,1,1,1,1,1,1,1,1
"m165_0.85_0.35",0,3901,Inf,0.85,0.35,1,1,1,1,1,1,1,1,1,1,1,1,1,1,1
"m166_0.9_0.35",0,3901,Inf,0.9,0.35,1,1,1,1,1,1,1,1,1,1,1,1,1,1,1
"m167_0.95_0.35",0,3901,Inf,0.95,0.35,1,1,1,1,1,1,1,1,1,1,1,1,1,1,1
"m168_1_0.35",0,3901,Inf,1,0.35,1,1,1,1,1,1,1,1,1,1,1,1,1,1,1
"m169_0_0.4",0,3901,Inf,0,0.4,1,1,1,1,1,1,1,1,1,1,1,1,1,1,1
"m170_0.05_0.4",0,3901,Inf,0.05,0.4,1,1,1,1,1,1,1,1,1,1,1,1,1,1,1
"m171_0.1_0.4",0,3901,Inf,0.1,0.4,1,1,1,1,1,1,1,1,1,1,1,1,1,1,1
"m172_0.15_0.4",0,3901,Inf,0.15,0.4,1,1,1,1,1,1,1,1,1,1,1,1,1,1,1
"m173_0.2_0.4",0,3901,Inf,0.2,0.4,1,1,1,1,1,1,1,1,1,1,1,1,1,1,1
"m174_0.25_0.4",0,3901,Inf,0.25,0.4,1,1,1,1,1,1,1,1,1,1,1,1,1,1,1
"m175_0.3_0.4",0,3901,Inf,0.3,0.4,1,1,1,1,1,1,1,1,1,1,1,1,1,1,1
"m176_0.35_0.4",0,3901,Inf,0.35,0.4,1,1,1,1,1,1,1,1,1,1,1,1,1,1,1
"m177_0.4_0.4",0,3901,Inf,0.4,0.4,1,1,1,1,1,1,1,1,1,1,1,1,1,1,1
"m178_0.45_0.4",0,3901,Inf,0.45,0.4,1,1,1,1,1,1,1,1,1,1,1,1,1,1,1
"m179_0.5_0.4",0,3901,Inf,0.5,0.4,1,1,1,1,1,1,1,1,1,1,1,1,1,1,1
"m180_0.55_0.4",0,3901,Inf,0.55,0.4,1,1,1,1,1,1,1,1,1,1,1,1,1,1,1
"m181_0.6_0.4",0,3901,Inf,0.6,0.4,1,1,1,1,1,1,1,1,1,1,1,1,1,1,1
"m182_0.65_0.4",0,3901,Inf,0.65,0.4,1,1,1,1,1,1,1,1,1,1,1,1,1,1,1
"m183_0.7_0.4",0,3901,Inf,0.7,0.4,1,1,1,1,1,1,1,1,1,1,1,1,1,1,1
"m184_0.75_0.4",0,3901,Inf,0.75,0.4,1,1,1,1,1,1,1,1,1,1,1,1,1,1,1
"m185_0.8_0.4",0,3901,Inf,0.8,0.4,1,1,1,1,1,1,1,1,1,1,1,1,1,1,1
"m186_0.85_0.4",0,3901,Inf,0.85,0.4,1,1,1,1,1,1,1,1,1,1,1,1,1,1,1
"m187_0.9_0.4",0,3901,Inf,0.9,0.4,1,1,1,1,1,1,1,1,1,1,1,1,1,1,1
"m188_0.95_0.4",0,3901,Inf,0.95,0.4,1,1,1,1,1,1,1,1,1,1,1,1,1,1,1
"m189_1_0.4",0,3901,Inf,1,0.4,1,1,1,1,1,1,1,1,1,1,1,1,1,1,1
"m190_0_0.45",0,3901,Inf,0,0.45,1,1,1,1,1,1,1,1,1,1,1,1,1,1,1
"m191_0.05_0.45",0,3901,Inf,0.05,0.45,1,1,1,1,1,1,1,1,1,1,1,1,1,1,1
"m192_0.1_0.45",0,3901,Inf,0.1,0.45,1,1,1,1,1,1,1,1,1,1,1,1,1,1,1
"m193_0.15_0.45",0,3901,Inf,0.15,0.45,1,1,1,1,1,1,1,1,1,1,1,1,1,1,1
"m194_0.2_0.45",0,3901,Inf,0.2,0.45,1,1,1,1,1,1,1,1,1,1,1,1,1,1,1
"m195_0.25_0.45",0,3901,Inf,0.25,0.45,1,1,1,1,1,1,1,1,1,1,1,1,1,1,1
"m196_0.3_0.45",0,3901,Inf,0.3,0.45,1,1,1,1,1,1,1,1,1,1,1,1,1,1,1
"m197_0.35_0.45",0,3901,Inf,0.35,0.45,1,1,1,1,1,1,1,1,1,1,1,1,1,1,1
"m198_0.4_0.45",0,3901,Inf,0.4,0.45,1,1,1,1,1,1,1,1,1,1,1,1,1,1,1
"m199_0.45_0.45",0,3901,Inf,0.45,0.45,1,1,1,1,1,1,1,1,1,1,1,1,1,1,1
"m200_0.5_0.45",0,3901,Inf,0.5,0.45,1,1,1,1,1,1,1,1,1,1,1,1,1,1,1
"m201_0.55_0.45",0,3901,Inf,0.55,0.45,1,1,1,1,1,1,1,1,1,1,1,1,1,1,1
"m202_0.6_0.45",0,3901,Inf,0.6,0.45,1,1,1,1,1,1,1,1,1,1,1,1,1,1,1
"m203_0.65_0.45",0,3901,Inf,0.65,0.45,1,1,1,1,1,1,1,1,1,1,1,1,1,1,1
"m204_0.7_0.45",0,3901,Inf,0.7,0.45,1,1,1,1,1,1,1,1,1,1,1,1,1,1,1
"m205_0.75_0.45",0,3901,Inf,0.75,0.45,1,1,1,1,1,1,1,1,1,1,1,1,1,1,1
"m206_0.8_0.45",0,3901,Inf,0.8,0.45,1,1,1,1,1,1,1,1,1,1,1,1,1,1,1
"m207_0.85_0.45",0,3901,Inf,0.85,0.45,1,1,1,1,1,1,1,1,1,1,1,1,1,1,1
"m208_0.9_0.45",0,3901,Inf,0.9,0.45,1,1,1,1,1,1,1,1,1,1,1,1,1,1,1
"m209_0.95_0.45",0,3901,Inf,0.95,0.45,1,1,1,1,1,1,1,1,1,1,1,1,1,1,1
"m210_1_0.45",0,3901,Inf,1,0.45,1,1,1,1,1,1,1,1,1,1,1,1,1,1,1
"m211_0_0.5",0,3901,Inf,0,0.5,1,1,1,1,1,1,1,1,1,1,1,1,1,1,1
"m212_0.05_0.5",0,3901,Inf,0.05,0.5,1,1,1,1,1,1,1,1,1,1,1,1,1,1,1
"m213_0.1_0.5",0,3901,Inf,0.1,0.5,1,1,1,1,1,1,1,1,1,1,1,1,1,1,1
"m214_0.15_0.5",0,3901,Inf,0.15,0.5,1,1,1,1,1,1,1,1,1,1,1,1,1,1,1
"m215_0.2_0.5",0,3901,Inf,0.2,0.5,1,1,1,1,1,1,1,1,1,1,1,1,1,1,1
"m216_0.25_0.5",0,3901,Inf,0.25,0.5,1,1,1,1,1,1,1,1,1,1,1,1,1,1,1
"m217_0.3_0.5",0,3901,Inf,0.3,0.5,1,1,1,1,1,1,1,1,1,1,1,1,1,1,1
"m218_0.35_0.5",0,3901,Inf,0.35,0.5,1,1,1,1,1,1,1,1,1,1,1,1,1,1,1
"m219_0.4_0.5",0,3901,Inf,0.4,0.5,1,1,1,1,1,1,1,1,1,1,1,1,1,1,1
"m220_0.45_0.5",0,3901,Inf,0.45,0.5,1,1,1,1,1,1,1,1,1,1,1,1,1,1,1
"m221_0.5_0.5",0,3901,Inf,0.5,0.5,1,1,1,1,1,1,1,1,1,1,1,1,1,1,1
"m222_0.55_0.5",0,3901,Inf,0.55,0.5,1,1,1,1,1,1,1,1,1,1,1,1,1,1,1
"m223_0.6_0.5",0,3901,Inf,0.6,0.5,1,1,1,1,1,1,1,1,1,1,1,1,1,1,1
"m224_0.65_0.5",0,3901,Inf,0.65,0.5,1,1,1,1,1,1,1,1,1,1,1,1,1,1,1
"m225_0.7_0.5",0,3901,Inf,0.7,0.5,1,1,1,1,1,1,1,1,1,1,1,1,1,1,1
"m226_0.75_0.5",0,3901,Inf,0.75,0.5,1,1,1,1,1,1,1,1,1,1,1,1,1,1,1
"m227_0.8_0.5",0,3901,Inf,0.8,0.5,1,1,1,1,1,1,1,1,1,1,1,1,1,1,1
"m228_0.85_0.5",0,3901,Inf,0.85,0.5,1,1,1,1,1,1,1,1,1,1,1,1,1,1,1
"m229_0.9_0.5",0,3901,Inf,0.9,0.5,1,1,1,1,1,1,1,1,1,1,1,1,1,1,1
"m230_0.95_0.5",0,3901,Inf,0.95,0.5,1,1,1,1,1,1,1,1,1,1,1,1,1,1,1
"m231_1_0.5",0,3901,Inf,1,0.5,1,1,1,1,1,1,1,1,1,1,1,1,1,1,1
"m232_0_0.55",0,3901,Inf,0,0.55,1,1,1,1,1,1,1,1,1,1,1,1,1,1,1
"m233_0.05_0.55",0,3901,Inf,0.05,0.55,1,1,1,1,1,1,1,1,1,1,1,1,1,1,1
"m234_0.1_0.55",0,3901,Inf,0.1,0.55,1,1,1,1,1,1,1,1,1,1,1,1,1,1,1
"m235_0.15_0.55",0,3901,Inf,0.15,0.55,1,1,1,1,1,1,1,1,1,1,1,1,1,1,1
"m236_0.2_0.55",0,3901,Inf,0.2,0.55,1,1,1,1,1,1,1,1,1,1,1,1,1,1,1
"m237_0.25_0.55",0,3901,Inf,0.25,0.55,1,1,1,1,1,1,1,1,1,1,1,1,1,1,1
"m238_0.3_0.55",0,3901,Inf,0.3,0.55,1,1,1,1,1,1,1,1,1,1,1,1,1,1,1
"m239_0.35_0.55",0,3901,Inf,0.35,0.55,1,1,1,1,1,1,1,1,1,1,1,1,1,1,1
"m240_0.4_0.55",0,3901,Inf,0.4,0.55,1,1,1,1,1,1,1,1,1,1,1,1,1,1,1
"m241_0.45_0.55",0,3901,Inf,0.45,0.55,1,1,1,1,1,1,1,1,1,1,1,1,1,1,1
"m242_0.5_0.55",0,3901,Inf,0.5,0.55,1,1,1,1,1,1,1,1,1,1,1,1,1,1,1
"m243_0.55_0.55",0,3901,Inf,0.55,0.55,1,1,1,1,1,1,1,1,1,1,1,1,1,1,1
"m244_0.6_0.55",0,3901,Inf,0.6,0.55,1,1,1,1,1,1,1,1,1,1,1,1,1,1,1
"m245_0.65_0.55",0,3901,Inf,0.65,0.55,1,1,1,1,1,1,1,1,1,1,1,1,1,1,1
"m246_0.7_0.55",0,3901,Inf,0.7,0.55,1,1,1,1,1,1,1,1,1,1,1,1,1,1,1
"m247_0.75_0.55",0,3901,Inf,0.75,0.55,1,1,1,1,1,1,1,1,1,1,1,1,1,1,1
"m248_0.8_0.55",0,3901,Inf,0.8,0.55,1,1,1,1,1,1,1,1,1,1,1,1,1,1,1
"m249_0.85_0.55",0,3901,Inf,0.85,0.55,1,1,1,1,1,1,1,1,1,1,1,1,1,1,1
"m250_0.9_0.55",0,3901,Inf,0.9,0.55,1,1,1,1,1,1,1,1,1,1,1,1,1,1,1
"m251_0.95_0.55",0,3901,Inf,0.95,0.55,1,1,1,1,1,1,1,1,1,1,1,1,1,1,1
"m252_1_0.55",0,3901,Inf,1,0.55,1,1,1,1,1,1,1,1,1,1,1,1,1,1,1
"m253_0_0.6",0,3901,Inf,0,0.6,1,1,1,1,1,1,1,1,1,1,1,1,1,1,1
"m254_0.05_0.6",0,3901,Inf,0.05,0.6,1,1,1,1,1,1,1,1,1,1,1,1,1,1,1
"m255_0.1_0.6",0,3901,Inf,0.1,0.6,1,1,1,1,1,1,1,1,1,1,1,1,1,1,1
"m256_0.15_0.6",0,3901,Inf,0.15,0.6,1,1,1,1,1,1,1,1,1,1,1,1,1,1,1
"m257_0.2_0.6",0,3901,Inf,0.2,0.6,1,1,1,1,1,1,1,1,1,1,1,1,1,1,1
"m258_0.25_0.6",0,3901,Inf,0.25,0.6,1,1,1,1,1,1,1,1,1,1,1,1,1,1,1
"m259_0.3_0.6",0,3901,Inf,0.3,0.6,1,1,1,1,1,1,1,1,1,1,1,1,1,1,1
"m260_0.35_0.6",0,3901,Inf,0.35,0.6,1,1,1,1,1,1,1,1,1,1,1,1,1,1,1
"m261_0.4_0.6",0,3901,Inf,0.4,0.6,1,1,1,1,1,1,1,1,1,1,1,1,1,1,1
"m262_0.45_0.6",0,3901,Inf,0.45,0.6,1,1,1,1,1,1,1,1,1,1,1,1,1,1,1
"m263_0.5_0.6",0,3901,Inf,0.5,0.6,1,1,1,1,1,1,1,1,1,1,1,1,1,1,1
"m264_0.55_0.6",0,3901,Inf,0.55,0.6,1,1,1,1,1,1,1,1,1,1,1,1,1,1,1
"m265_0.6_0.6",0,3901,Inf,0.6,0.6,1,1,1,1,1,1,1,1,1,1,1,1,1,1,1
"m266_0.65_0.6",0,3901,Inf,0.65,0.6,1,1,1,1,1,1,1,1,1,1,1,1,1,1,1
"m267_0.7_0.6",0,3901,Inf,0.7,0.6,1,1,1,1,1,1,1,1,1,1,1,1,1,1,1
"m268_0.75_0.6",0,3901,Inf,0.75,0.6,1,1,1,1,1,1,1,1,1,1,1,1,1,1,1
"m269_0.8_0.6",0,3901,Inf,0.8,0.6,1,1,1,1,1,1,1,1,1,1,1,1,1,1,1
"m270_0.85_0.6",0,3901,Inf,0.85,0.6,1,1,1,1,1,1,1,1,1,1,1,1,1,1,1
"m271_0.9_0.6",0,3901,Inf,0.9,0.6,1,1,1,1,1,1,1,1,1,1,1,1,1,1,1
"m272_0.95_0.6",0,3901,Inf,0.95,0.6,1,1,1,1,1,1,1,1,1,1,1,1,1,1,1
"m273_1_0.6",0,3901,Inf,1,0.6,1,1,1,1,1,1,1,1,1,1,1,1,1,1,1
"m274_0_0.65",0,3901,Inf,0,0.65,1,1,1,1,1,1,1,1,1,1,1,1,1,1,1
"m275_0.05_0.65",0,3901,Inf,0.05,0.65,1,1,1,1,1,1,1,1,1,1,1,1,1,1,1
"m276_0.1_0.65",0,3901,Inf,0.1,0.65,1,1,1,1,1,1,1,1,1,1,1,1,1,1,1
"m277_0.15_0.65",0,3901,Inf,0.15,0.65,1,1,1,1,1,1,1,1,1,1,1,1,1,1,1
"m278_0.2_0.65",0,3901,Inf,0.2,0.65,1,1,1,1,1,1,1,1,1,1,1,1,1,1,1
"m279_0.25_0.65",0,3901,Inf,0.25,0.65,1,1,1,1,1,1,1,1,1,1,1,1,1,1,1
"m280_0.3_0.65",0,3901,Inf,0.3,0.65,1,1,1,1,1,1,1,1,1,1,1,1,1,1,1
"m281_0.35_0.65",0,3901,Inf,0.35,0.65,1,1,1,1,1,1,1,1,1,1,1,1,1,1,1
"m282_0.4_0.65",0,3901,Inf,0.4,0.65,1,1,1,1,1,1,1,1,1,1,1,1,1,1,1
"m283_0.45_0.65",0,3901,Inf,0.45,0.65,1,1,1,1,1,1,1,1,1,1,1,1,1,1,1
"m284_0.5_0.65",0,3901,Inf,0.5,0.65,1,1,1,1,1,1,1,1,1,1,1,1,1,1,1
"m285_0.55_0.65",0,3901,Inf,0.55,0.65,1,1,1,1,1,1,1,1,1,1,1,1,1,1,1
"m286_0.6_0.65",0,3901,Inf,0.6,0.65,1,1,1,1,1,1,1,1,1,1,1,1,1,1,1
"m287_0.65_0.65",0,3901,Inf,0.65,0.65,1,1,1,1,1,1,1,1,1,1,1,1,1,1,1
"m288_0.7_0.65",0,3901,Inf,0.7,0.65,1,1,1,1,1,1,1,1,1,1,1,1,1,1,1
"m289_0.75_0.65",0,3901,Inf,0.75,0.65,1,1,1,1,1,1,1,1,1,1,1,1,1,1,1
"m290_0.8_0.65",0,3901,Inf,0.8,0.65,1,1,1,1,1,1,1,1,1,1,1,1,1,1,1
"m291_0.85_0.65",0,3901,Inf,0.85,0.65,1,1,1,1,1,1,1,1,1,1,1,1,1,1,1
"m292_0.9_0.65",0,3901,Inf,0.9,0.65,1,1,1,1,1,1,1,1,1,1,1,1,1,1,1
"m293_0.95_0.65",0,3901,Inf,0.95,0.65,1,1,1,1,1,1,1,1,1,1,1,1,1,1,1
"m294_1_0.65",0,3901,Inf,1,0.65,1,1,1,1,1,1,1,1,1,1,1,1,1,1,1
"m295_0_0.7",0,3901,Inf,0,0.7,1,1,1,1,1,1,1,1,1,1,1,1,1,1,1
"m296_0.05_0.7",0,3901,Inf,0.05,0.7,1,1,1,1,1,1,1,1,1,1,1,1,1,1,1
"m297_0.1_0.7",0,3901,Inf,0.1,0.7,1,1,1,1,1,1,1,1,1,1,1,1,1,1,1
"m298_0.15_0.7",0,3901,Inf,0.15,0.7,1,1,1,1,1,1,1,1,1,1,1,1,1,1,1
"m299_0.2_0.7",0,3901,Inf,0.2,0.7,1,1,1,1,1,1,1,1,1,1,1,1,1,1,1
"m300_0.25_0.7",0,3901,Inf,0.25,0.7,1,1,1,1,1,1,1,1,1,1,1,1,1,1,1
"m301_0.3_0.7",0,3901,Inf,0.3,0.7,1,1,1,1,1,1,1,1,1,1,1,1,1,1,1
"m302_0.35_0.7",0,3901,Inf,0.35,0.7,1,1,1,1,1,1,1,1,1,1,1,1,1,1,1
"m303_0.4_0.7",0,3901,Inf,0.4,0.7,1,1,1,1,1,1,1,1,1,1,1,1,1,1,1
"m304_0.45_0.7",0,3901,Inf,0.45,0.7,1,1,1,1,1,1,1,1,1,1,1,1,1,1,1
"m305_0.5_0.7",0,3901,Inf,0.5,0.7,1,1,1,1,1,1,1,1,1,1,1,1,1,1,1
"m306_0.55_0.7",0,3901,Inf,0.55,0.7,1,1,1,1,1,1,1,1,1,1,1,1,1,1,1
"m307_0.6_0.7",0,3901,Inf,0.6,0.7,1,1,1,1,1,1,1,1,1,1,1,1,1,1,1
"m308_0.65_0.7",0,3901,Inf,0.65,0.7,1,1,1,1,1,1,1,1,1,1,1,1,1,1,1
"m309_0.7_0.7",0,3901,Inf,0.7,0.7,1,1,1,1,1,1,1,1,1,1,1,1,1,1,1
"m310_0.75_0.7",0,3901,Inf,0.75,0.7,1,1,1,1,1,1,1,1,1,1,1,1,1,1,1
"m311_0.8_0.7",0,3901,Inf,0.8,0.7,1,1,1,1,1,1,1,1,1,1,1,1,1,1,1
"m312_0.85_0.7",0,3901,Inf,0.85,0.7,1,1,1,1,1,1,1,1,1,1,1,1,1,1,1
"m313_0.9_0.7",0,3901,Inf,0.9,0.7,1,1,1,1,1,1,1,1,1,1,1,1,1,1,1
"m314_0.95_0.7",0,3901,Inf,0.95,0.7,1,1,1,1,1,1,1,1,1,1,1,1,1,1,1
"m315_1_0.7",0,3901,Inf,1,0.7,1,1,1,1,1,1,1,1,1,1,1,1,1,1,1
"m316_0_0.75",0,3901,Inf,0,0.75,1,1,1,1,1,1,1,1,1,1,1,1,1,1,1
"m317_0.05_0.75",0,3901,Inf,0.05,0.75,1,1,1,1,1,1,1,1,1,1,1,1,1,1,1
"m318_0.1_0.75",0,3901,Inf,0.1,0.75,1,1,1,1,1,1,1,1,1,1,1,1,1,1,1
"m319_0.15_0.75",0,3901,Inf,0.15,0.75,1,1,1,1,1,1,1,1,1,1,1,1,1,1,1
"m320_0.2_0.75",0,3901,Inf,0.2,0.75,1,1,1,1,1,1,1,1,1,1,1,1,1,1,1
"m321_0.25_0.75",0,3901,Inf,0.25,0.75,1,1,1,1,1,1,1,1,1,1,1,1,1,1,1
"m322_0.3_0.75",0,3901,Inf,0.3,0.75,1,1,1,1,1,1,1,1,1,1,1,1,1,1,1
"m323_0.35_0.75",0,3901,Inf,0.35,0.75,1,1,1,1,1,1,1,1,1,1,1,1,1,1,1
"m324_0.4_0.75",0,3901,Inf,0.4,0.75,1,1,1,1,1,1,1,1,1,1,1,1,1,1,1
"m325_0.45_0.75",0,3901,Inf,0.45,0.75,1,1,1,1,1,1,1,1,1,1,1,1,1,1,1
"m326_0.5_0.75",0,3901,Inf,0.5,0.75,1,1,1,1,1,1,1,1,1,1,1,1,1,1,1
"m327_0.55_0.75",0,3901,Inf,0.55,0.75,1,1,1,1,1,1,1,1,1,1,1,1,1,1,1
"m328_0.6_0.75",0,3901,Inf,0.6,0.75,1,1,1,1,1,1,1,1,1,1,1,1,1,1,1
"m329_0.65_0.75",0,3901,Inf,0.65,0.75,1,1,1,1,1,1,1,1,1,1,1,1,1,1,1
"m330_0.7_0.75",0,3901,Inf,0.7,0.75,1,1,1,1,1,1,1,1,1,1,1,1,1,1,1
"m331_0.75_0.75",0,3901,Inf,0.75,0.75,1,1,1,1,1,1,1,1,1,1,1,1,1,1,1
"m332_0.8_0.75",0,3901,Inf,0.8,0.75,1,1,1,1,1,1,1,1,1,1,1,1,1,1,1
"m333_0.85_0.75",0,3901,Inf,0.85,0.75,1,1,1,1,1,1,1,1,1,1,1,1,1,1,1
"m334_0.9_0.75",0,3901,Inf,0.9,0.75,1,1,1,1,1,1,1,1,1,1,1,1,1,1,1
"m335_0.95_0.75",0,3901,Inf,0.95,0.75,1,1,1,1,1,1,1,1,1,1,1,1,1,1,1
"m336_1_0.75",0,3901,Inf,1,0.75,1,1,1,1,1,1,1,1,1,1,1,1,1,1,1
"m337_0_0.8",0,3901,Inf,0,0.8,1,1,1,1,1,1,1,1,1,1,1,1,1,1,1
"m338_0.05_0.8",0,3901,Inf,0.05,0.8,1,1,1,1,1,1,1,1,1,1,1,1,1,1,1
"m339_0.1_0.8",0,3901,Inf,0.1,0.8,1,1,1,1,1,1,1,1,1,1,1,1,1,1,1
"m340_0.15_0.8",0,3901,Inf,0.15,0.8,1,1,1,1,1,1,1,1,1,1,1,1,1,1,1
"m341_0.2_0.8",0,3901,Inf,0.2,0.8,1,1,1,1,1,1,1,1,1,1,1,1,1,1,1
"m342_0.25_0.8",0,3901,Inf,0.25,0.8,1,1,1,1,1,1,1,1,1,1,1,1,1,1,1
"m343_0.3_0.8",0,3901,Inf,0.3,0.8,1,1,1,1,1,1,1,1,1,1,1,1,1,1,1
"m344_0.35_0.8",0,3901,Inf,0.35,0.8,1,1,1,1,1,1,1,1,1,1,1,1,1,1,1
"m345_0.4_0.8",0,3901,Inf,0.4,0.8,1,1,1,1,1,1,1,1,1,1,1,1,1,1,1
"m346_0.45_0.8",0,3901,Inf,0.45,0.8,1,1,1,1,1,1,1,1,1,1,1,1,1,1,1
"m347_0.5_0.8",0,3901,Inf,0.5,0.8,1,1,1,1,1,1,1,1,1,1,1,1,1,1,1
"m348_0.55_0.8",0,3901,Inf,0.55,0.8,1,1,1,1,1,1,1,1,1,1,1,1,1,1,1
"m349_0.6_0.8",0,3901,Inf,0.6,0.8,1,1,1,1,1,1,1,1,1,1,1,1,1,1,1
"m350_0.65_0.8",0,3901,Inf,0.65,0.8,1,1,1,1,1,1,1,1,1,1,1,1,1,1,1
"m351_0.7_0.8",0,3901,Inf,0.7,0.8,1,1,1,1,1,1,1,1,1,1,1,1,1,1,1
"m352_0.75_0.8",0,3901,Inf,0.75,0.8,1,1,1,1,1,1,1,1,1,1,1,1,1,1,1
"m353_0.8_0.8",0,3901,Inf,0.8,0.8,1,1,1,1,1,1,1,1,1,1,1,1,1,1,1
"m354_0.85_0.8",0,3901,Inf,0.85,0.8,1,1,1,1,1,1,1,1,1,1,1,1,1,1,1
"m355_0.9_0.8",0,3901,Inf,0.9,0.8,1,1,1,1,1,1,1,1,1,1,1,1,1,1,1
"m356_0.95_0.8",0,3901,Inf,0.95,0.8,1,1,1,1,1,1,1,1,1,1,1,1,1,1,1
"m357_1_0.8",0,3901,Inf,1,0.8,1,1,1,1,1,1,1,1,1,1,1,1,1,1,1
"m358_0_0.85",0,3901,Inf,0,0.85,1,1,1,1,1,1,1,1,1,1,1,1,1,1,1
"m359_0.05_0.85",0,3901,Inf,0.05,0.85,1,1,1,1,1,1,1,1,1,1,1,1,1,1,1
"m360_0.1_0.85",0,3901,Inf,0.1,0.85,1,1,1,1,1,1,1,1,1,1,1,1,1,1,1
"m361_0.15_0.85",0,3901,Inf,0.15,0.85,1,1,1,1,1,1,1,1,1,1,1,1,1,1,1
"m362_0.2_0.85",0,3901,Inf,0.2,0.85,1,1,1,1,1,1,1,1,1,1,1,1,1,1,1
"m363_0.25_0.85",0,3901,Inf,0.25,0.85,1,1,1,1,1,1,1,1,1,1,1,1,1,1,1
"m364_0.3_0.85",0,3901,Inf,0.3,0.85,1,1,1,1,1,1,1,1,1,1,1,1,1,1,1
"m365_0.35_0.85",0,3901,Inf,0.35,0.85,1,1,1,1,1,1,1,1,1,1,1,1,1,1,1
"m366_0.4_0.85",0,3901,Inf,0.4,0.85,1,1,1,1,1,1,1,1,1,1,1,1,1,1,1
"m367_0.45_0.85",0,3901,Inf,0.45,0.85,1,1,1,1,1,1,1,1,1,1,1,1,1,1,1
"m368_0.5_0.85",0,3901,Inf,0.5,0.85,1,1,1,1,1,1,1,1,1,1,1,1,1,1,1
"m369_0.55_0.85",0,3901,Inf,0.55,0.85,1,1,1,1,1,1,1,1,1,1,1,1,1,1,1
"m370_0.6_0.85",0,3901,Inf,0.6,0.85,1,1,1,1,1,1,1,1,1,1,1,1,1,1,1
"m371_0.65_0.85",0,3901,Inf,0.65,0.85,1,1,1,1,1,1,1,1,1,1,1,1,1,1,1
"m372_0.7_0.85",0,3901,Inf,0.7,0.85,1,1,1,1,1,1,1,1,1,1,1,1,1,1,1
"m373_0.75_0.85",0,3901,Inf,0.75,0.85,1,1,1,1,1,1,1,1,1,1,1,1,1,1,1
"m374_0.8_0.85",0,3901,Inf,0.8,0.85,1,1,1,1,1,1,1,1,1,1,1,1,1,1,1
"m375_0.85_0.85",0,3901,Inf,0.85,0.85,1,1,1,1,1,1,1,1,1,1,1,1,1,1,1
"m376_0.9_0.85",0,3901,Inf,0.9,0.85,1,1,1,1,1,1,1,1,1,1,1,1,1,1,1
"m377_0.95_0.85",0,3901,Inf,0.95,0.85,1,1,1,1,1,1,1,1,1,1,1,1,1,1,1
"m378_1_0.85",0,3901,Inf,1,0.85,1,1,1,1,1,1,1,1,1,1,1,1,1,1,1
"m379_0_0.9",0,3901,Inf,0,0.9,1,1,1,1,1,1,1,1,1,1,1,1,1,1,1
"m380_0.05_0.9",0,3901,Inf,0.05,0.9,1,1,1,1,1,1,1,1,1,1,1,1,1,1,1
"m381_0.1_0.9",0,3901,Inf,0.1,0.9,1,1,1,1,1,1,1,1,1,1,1,1,1,1,1
"m382_0.15_0.9",0,3901,Inf,0.15,0.9,1,1,1,1,1,1,1,1,1,1,1,1,1,1,1
"m383_0.2_0.9",0,3901,Inf,0.2,0.9,1,1,1,1,1,1,1,1,1,1,1,1,1,1,1
"m384_0.25_0.9",0,3901,Inf,0.25,0.9,1,1,1,1,1,1,1,1,1,1,1,1,1,1,1
"m385_0.3_0.9",0,3901,Inf,0.3,0.9,1,1,1,1,1,1,1,1,1,1,1,1,1,1,1
"m386_0.35_0.9",0,3901,Inf,0.35,0.9,1,1,1,1,1,1,1,1,1,1,1,1,1,1,1
"m387_0.4_0.9",0,3901,Inf,0.4,0.9,1,1,1,1,1,1,1,1,1,1,1,1,1,1,1
"m388_0.45_0.9",0,3901,Inf,0.45,0.9,1,1,1,1,1,1,1,1,1,1,1,1,1,1,1
"m389_0.5_0.9",0,3901,Inf,0.5,0.9,1,1,1,1,1,1,1,1,1,1,1,1,1,1,1
"m390_0.55_0.9",0,3901,Inf,0.55,0.9,1,1,1,1,1,1,1,1,1,1,1,1,1,1,1
"m391_0.6_0.9",0,3901,Inf,0.6,0.9,1,1,1,1,1,1,1,1,1,1,1,1,1,1,1
"m392_0.65_0.9",0,3901,Inf,0.65,0.9,1,1,1,1,1,1,1,1,1,1,1,1,1,1,1
"m393_0.7_0.9",0,3901,Inf,0.7,0.9,1,1,1,1,1,1,1,1,1,1,1,1,1,1,1
"m394_0.75_0.9",0,3901,Inf,0.75,0.9,1,1,1,1,1,1,1,1,1,1,1,1,1,1,1
"m395_0.8_0.9",0,3901,Inf,0.8,0.9,1,1,1,1,1,1,1,1,1,1,1,1,1,1,1
"m396_0.85_0.9",0,3901,Inf,0.85,0.9,1,1,1,1,1,1,1,1,1,1,1,1,1,1,1
"m397_0.9_0.9",0,3901,Inf,0.9,0.9,1,1,1,1,1,1,1,1,1,1,1,1,1,1,1
"m398_0.95_0.9",0,3901,Inf,0.95,0.9,1,1,1,1,1,1,1,1,1,1,1,1,1,1,1
"m399_1_0.9",0,3901,Inf,1,0.9,1,1,1,1,1,1,1,1,1,1,1,1,1,1,1
"m400_0_0.95",0,3901,Inf,0,0.95,1,1,1,1,1,1,1,1,1,1,1,1,1,1,1
"m401_0.05_0.95",0,3901,Inf,0.05,0.95,1,1,1,1,1,1,1,1,1,1,1,1,1,1,1
"m402_0.1_0.95",0,3901,Inf,0.1,0.95,1,1,1,1,1,1,1,1,1,1,1,1,1,1,1
"m403_0.15_0.95",0,3901,Inf,0.15,0.95,1,1,1,1,1,1,1,1,1,1,1,1,1,1,1
"m404_0.2_0.95",0,3901,Inf,0.2,0.95,1,1,1,1,1,1,1,1,1,1,1,1,1,1,1
"m405_0.25_0.95",0,3901,Inf,0.25,0.95,1,1,1,1,1,1,1,1,1,1,1,1,1,1,1
"m406_0.3_0.95",0,3901,Inf,0.3,0.95,1,1,1,1,1,1,1,1,1,1,1,1,1,1,1
"m407_0.35_0.95",0,3901,Inf,0.35,0.95,1,1,1,1,1,1,1,1,1,1,1,1,1,1,1
"m408_0.4_0.95",0,3901,Inf,0.4,0.95,1,1,1,1,1,1,1,1,1,1,1,1,1,1,1
"m409_0.45_0.95",0,3901,Inf,0.45,0.95,1,1,1,1,1,1,1,1,1,1,1,1,1,1,1
"m410_0.5_0.95",0,3901,Inf,0.5,0.95,1,1,1,1,1,1,1,1,1,1,1,1,1,1,1
"m411_0.55_0.95",0,3901,Inf,0.55,0.95,1,1,1,1,1,1,1,1,1,1,1,1,1,1,1
"m412_0.6_0.95",0,3901,Inf,0.6,0.95,1,1,1,1,1,1,1,1,1,1,1,1,1,1,1
"m413_0.65_0.95",0,3901,Inf,0.65,0.95,1,1,1,1,1,1,1,1,1,1,1,1,1,1,1
"m414_0.7_0.95",0,3901,Inf,0.7,0.95,1,1,1,1,1,1,1,1,1,1,1,1,1,1,1
"m415_0.75_0.95",0,3901,Inf,0.75,0.95,1,1,1,1,1,1,1,1,1,1,1,1,1,1,1
"m416_0.8_0.95",0,3901,Inf,0.8,0.95,1,1,1,1,1,1,1,1,1,1,1,1,1,1,1
"m417_0.85_0.95",0,3901,Inf,0.85,0.95,1,1,1,1,1,1,1,1,1,1,1,1,1,1,1
"m418_0.9_0.95",0,3901,Inf,0.9,0.95,1,1,1,1,1,1,1,1,1,1,1,1,1,1,1
"m419_0.95_0.95",0,3901,Inf,0.95,0.95,1,1,1,1,1,1,1,1,1,1,1,1,1,1,1
"m420_1_0.95",0,3901,Inf,1,0.95,1,1,1,1,1,1,1,1,1,1,1,1,1,1,1
"m421_0_1",0,3901,Inf,0,1,1,1,1,1,1,1,1,1,1,1,1,1,1,1,1
"m422_0.05_1",0,3901,Inf,0.05,1,1,1,1,1,1,1,1,1,1,1,1,1,1,1,1
"m423_0.1_1",0,3901,Inf,0.1,1,1,1,1,1,1,1,1,1,1,1,1,1,1,1,1
"m424_0.15_1",0,3901,Inf,0.15,1,1,1,1,1,1,1,1,1,1,1,1,1,1,1,1
"m425_0.2_1",0,3901,Inf,0.2,1,1,1,1,1,1,1,1,1,1,1,1,1,1,1,1
"m426_0.25_1",0,3901,Inf,0.25,1,1,1,1,1,1,1,1,1,1,1,1,1,1,1,1
"m427_0.3_1",0,3901,Inf,0.3,1,1,1,1,1,1,1,1,1,1,1,1,1,1,1,1
"m428_0.35_1",0,3901,Inf,0.35,1,1,1,1,1,1,1,1,1,1,1,1,1,1,1,1
"m429_0.4_1",0,3901,Inf,0.4,1,1,1,1,1,1,1,1,1,1,1,1,1,1,1,1
"m430_0.45_1",0,3901,Inf,0.45,1,1,1,1,1,1,1,1,1,1,1,1,1,1,1,1
"m431_0.5_1",0,3901,Inf,0.5,1,1,1,1,1,1,1,1,1,1,1,1,1,1,1,1
"m432_0.55_1",0,3901,Inf,0.55,1,1,1,1,1,1,1,1,1,1,1,1,1,1,1,1
"m433_0.6_1",0,3901,Inf,0.6,1,1,1,1,1,1,1,1,1,1,1,1,1,1,1,1
"m434_0.65_1",0,3901,Inf,0.65,1,1,1,1,1,1,1,1,1,1,1,1,1,1,1,1
"m435_0.7_1",0,3901,Inf,0.7,1,1,1,1,1,1,1,1,1,1,1,1,1,1,1,1
"m436_0.75_1",0,3901,Inf,0.75,1,1,1,1,1,1,1,1,1,1,1,1,1,1,1,1
"m437_0.8_1",0,3901,Inf,0.8,1,1,1,1,1,1,1,1,1,1,1,1,1,1,1,1
"m438_0.85_1",0,3901,Inf,0.85,1,1,1,1,1,1,1,1,1,1,1,1,1,1,1,1
"m439_0.9_1",0,3901,Inf,0.9,1,1,1,1,1,1,1,1,1,1,1,1,1,1,1,1
"m440_0.95_1",0,3901,Inf,0.95,1,1,1,1,1,1,1,1,1,1,1,1,1,1,1,1
"m441_1_1",0,3901,Inf,1,1,1,1,1,1,1,1,1,1,1,1,1,1,1,1,1
